employee_id,age,gender,marital_status,education,education_field,department,job_role,business_travel,overtime,years_at_company,years_in_role,years_with_manager,num_companies_worked,monthly_income,percent_salary_hike,stock_option_level,performance_rating,job_satisfaction,environment_satisfaction,relationship_satisfaction,work_life_balance,job_involvement,training_times_last_year,distance_from_home,attrition
EMP-0001,41,Female,Married,Bachelor,Medical,Finance,Finance Analyst,Travel_Rarely,No,9,2,0,1,5546,20,1,2,3,1,2,3,1,2,8,No
EMP-0002,35,Female,Married,Bachelor,Technical Degree,Finance,Finance Analyst,Non-Travel,No,8,0,8,2,4698,19,3,3,1,1,4,3,4,4,3,No
EMP-0003,22,Male,Married,Master,Life Sciences,Finance,Accountant,Travel_Rarely,No,2,2,0,2,5422,21,1,4,4,3,3,4,2,2,2,No
EMP-0004,45,Male,Married,Master,Medical,Sales,Sales Representative,Non-Travel,No,5,2,0,2,4577,17,0,3,2,3,4,1,4,4,29,No
EMP-0005,31,Male,Married,Bachelor,Other,Finance,Accountant,Non-Travel,Yes,0,0,0,1,3446,18,0,3,2,3,4,3,3,6,21,Yes
EMP-0006,45,Male,Single,Master,Human Resources,Sales,Sales Representative,Travel_Rarely,No,2,2,1,2,4135,15,1,3,4,4,1,3,3,3,13,No
EMP-0007,43,Male,Single,Master,Other,Engineering,Data Analyst,Travel_Rarely,Yes,0,0,0,2,5994,19,2,4,4,2,3,3,2,4,3,Yes
EMP-0008,38,Male,Divorced,Bachelor,Marketing,Sales,Sales Manager,Travel_Frequently,No,2,2,0,1,4314,22,0,2,4,4,1,3,2,4,13,No
EMP-0009,42,Male,Divorced,Master,Medical,HR,Recruiter,Travel_Rarely,No,9,4,0,1,4740,11,0,3,3,3,3,4,3,2,8,No
EMP-0010,44,Male,Single,Master,Medical,Finance,Finance Analyst,Non-Travel,No,2,0,1,4,4739,14,1,3,2,3,3,3,4,3,11,No
EMP-0011,40,Male,Divorced,Bachelor,Technical Degree,Sales,Sales Representative,Non-Travel,No,10,2,2,1,3612,13,0,3,1,4,4,2,3,3,1,No
EMP-0012,50,Male,Single,Master,Human Resources,Operations,Operations Analyst,Travel_Rarely,No,7,1,2,3,4388,24,0,1,1,4,2,3,3,4,1,Yes
EMP-0013,29,Male,Divorced,Master,Other,Engineering,Data Analyst,Travel_Rarely,No,11,4,4,4,8598,19,1,3,2,4,3,3,3,1,20,No
EMP-0014,32,Male,Single,Bachelor,Human Resources,Sales,Sales Representative,Travel_Frequently,No,2,0,1,3,3030,15,0,4,3,3,1,2,3,3,4,No
EMP-0015,33,Male,Married,Master,Marketing,Engineering,Tech Lead,Travel_Frequently,No,2,2,1,5,7893,16,0,1,3,3,1,3,3,1,3,No
EMP-0016,34,Female,Divorced,Master,Human Resources,Engineering,Data Analyst,Travel_Frequently,No,2,0,2,1,5806,22,0,3,3,4,2,4,3,4,21,No
EMP-0017,31,Male,Married,Master,Marketing,Sales,Sales Manager,Non-Travel,No,4,4,1,4,5417,13,0,2,3,4,1,3,2,6,9,No
EMP-0018,33,Male,Married,Master,Medical,Finance,Finance Analyst,Travel_Frequently,No,5,0,5,1,5176,14,0,3,2,3,4,3,4,4,8,Yes
EMP-0019,23,Female,Divorced,Master,Medical,Operations,Operations Manager,Travel_Frequently,No,5,0,4,2,5475,23,0,4,1,4,3,4,4,4,1,No
EMP-0020,37,Female,Married,Bachelor,Technical Degree,Sales,Sales Executive,Travel_Frequently,No,18,6,1,4,4424,18,1,3,3,3,3,1,3,2,20,No
EMP-0021,39,Male,Married,PhD,Medical,Engineering,Software Engineer,Travel_Frequently,Yes,2,1,2,4,6570,13,0,3,3,4,3,4,2,4,20,No
EMP-0022,44,Male,Divorced,High School,Other,HR,HR Manager,Travel_Rarely,No,6,0,0,1,3320,13,1,2,4,3,3,3,3,3,7,No
EMP-0023,46,Female,Married,Bachelor,Human Resources,Marketing,Marketing Analyst,Travel_Rarely,Yes,1,1,1,5,3057,25,1,4,3,3,3,3,3,4,4,No
EMP-0024,48,Male,Married,PhD,Medical,Engineering,Tech Lead,Non-Travel,Yes,2,0,2,5,9147,13,1,1,2,3,4,1,3,3,1,Yes
EMP-0025,28,Female,Married,Master,Life Sciences,Engineering,Software Engineer,Non-Travel,No,0,0,0,4,6106,18,1,3,3,3,4,2,2,3,5,No
EMP-0026,45,Female,Married,Master,Human Resources,Marketing,Marketing Manager,Travel_Frequently,No,23,9,7,3,9324,18,0,3,4,3,4,4,3,4,7,No
EMP-0027,38,Male,Single,Bachelor,Human Resources,Marketing,Marketing Analyst,Non-Travel,No,5,0,3,2,4129,16,2,3,2,3,3,3,2,4,12,No
EMP-0028,40,Male,Single,High School,Marketing,Sales,Sales Representative,Travel_Rarely,No,8,3,1,5,3142,18,0,4,3,4,4,4,3,2,14,No
EMP-0029,48,Male,Divorced,Bachelor,Medical,Operations,Logistics Coordinator,Travel_Rarely,No,11,6,1,1,4241,15,1,3,3,1,3,4,3,2,1,No
EMP-0030,45,Female,Married,Master,Marketing,Operations,Operations Manager,Travel_Rarely,No,4,2,1,1,4960,14,2,2,4,2,1,4,1,1,15,No
EMP-0031,28,Female,Married,Master,Medical,Engineering,Data Analyst,Non-Travel,No,5,4,0,1,6144,24,1,3,4,3,4,2,3,3,6,No
EMP-0032,33,Male,Single,Master,Other,Engineering,Senior Engineer,Travel_Rarely,No,5,3,5,4,6667,12,1,3,4,4,3,1,3,3,1,Yes
EMP-0033,41,Male,Divorced,PhD,Other,Engineering,Data Analyst,Travel_Rarely,Yes,3,0,0,3,6986,23,1,3,3,3,3,4,3,3,27,No
EMP-0034,44,Male,Married,Bachelor,Technical Degree,Engineering,Software Engineer,Travel_Rarely,No,9,2,3,2,6435,24,1,3,3,3,3,2,3,3,1,No
EMP-0035,34,Female,Married,Bachelor,Medical,Sales,Sales Executive,Travel_Rarely,No,0,0,0,1,2743,18,0,4,1,2,3,3,3,3,8,Yes
EMP-0036,53,Male,Married,Bachelor,Life Sciences,Engineering,Data Analyst,Travel_Rarely,No,7,0,1,4,5265,19,3,4,3,2,4,2,3,4,9,No
EMP-0037,37,Male,Single,High School,Human Resources,Engineering,Tech Lead,Non-Travel,Yes,19,2,1,4,9558,18,0,3,4,3,4,2,1,2,21,No
EMP-0038,33,Male,Single,High School,Technical Degree,Engineering,Data Analyst,Travel_Rarely,Yes,1,0,0,1,3655,22,0,3,3,3,4,2,3,3,10,Yes
EMP-0039,35,Male,Married,Master,Technical Degree,Engineering,Data Analyst,Travel_Rarely,No,13,0,6,1,8886,12,0,3,4,2,2,3,2,2,8,No
EMP-0040,32,Male,Married,Bachelor,Marketing,Finance,Accountant,Travel_Rarely,No,14,3,6,1,6225,20,3,4,4,3,3,4,3,3,14,No
EMP-0041,36,Female,Divorced,Master,Human Resources,Sales,Sales Executive,Travel_Rarely,No,3,3,1,5,4235,22,1,3,3,2,3,3,3,4,6,Yes
EMP-0042,38,Female,Married,Master,Marketing,Engineering,Software Engineer,Travel_Rarely,Yes,12,1,9,1,8999,18,0,3,3,2,4,3,4,5,1,No
EMP-0043,39,Male,Married,Master,Marketing,Sales,Sales Executive,Travel_Rarely,No,21,2,3,2,6662,11,2,2,1,2,2,3,4,4,12,No
EMP-0044,35,Male,Married,Master,Other,Sales,Sales Representative,Non-Travel,Yes,10,4,0,1,4948,21,0,3,2,4,3,1,3,4,5,Yes
EMP-0045,34,Female,Divorced,PhD,Technical Degree,Engineering,Senior Engineer,Travel_Rarely,Yes,0,0,0,1,5982,13,0,4,2,3,3,3,3,3,10,Yes
EMP-0046,44,Female,Married,Bachelor,Technical Degree,Marketing,Marketing Analyst,Travel_Rarely,Yes,0,0,0,1,2934,18,0,1,3,4,3,3,4,3,29,Yes
EMP-0047,23,Female,Married,PhD,Medical,Engineering,Tech Lead,Non-Travel,No,5,5,5,2,10743,25,1,2,3,3,4,3,3,4,7,No
EMP-0048,24,Female,Single,Master,Technical Degree,HR,Recruiter,Travel_Frequently,Yes,3,3,0,1,3617,16,0,3,4,4,1,3,3,3,1,Yes
EMP-0049,48,Male,Divorced,Bachelor,Other,Marketing,Content Specialist,Travel_Rarely,No,6,6,1,2,4335,22,1,3,2,3,3,2,2,6,1,No
EMP-0050,43,Female,Single,High School,Life Sciences,Sales,Sales Manager,Travel_Rarely,Yes,24,0,8,2,6129,14,3,3,3,4,2,1,4,3,29,Yes
EMP-0051,57,Male,Divorced,Master,Technical Degree,Engineering,Tech Lead,Travel_Rarely,Yes,8,1,3,2,9229,13,0,3,3,3,3,3,3,4,27,No
EMP-0052,40,Male,Single,PhD,Marketing,Engineering,Tech Lead,Travel_Frequently,No,15,1,3,1,13473,24,2,1,4,4,4,4,3,4,3,No
EMP-0053,30,Female,Married,Master,Other,Operations,Operations Analyst,Travel_Rarely,No,12,12,4,4,5805,12,3,3,1,3,1,3,1,2,15,No
EMP-0054,38,Male,Married,Bachelor,Marketing,Engineering,Senior Engineer,Travel_Frequently,No,20,3,3,3,7332,25,0,3,4,3,4,3,3,1,4,No
EMP-0055,39,Female,Married,Bachelor,Human Resources,Operations,Logistics Coordinator,Travel_Rarely,Yes,3,3,3,3,2959,12,0,3,3,3,3,3,4,5,18,Yes
EMP-0056,27,Male,Single,Master,Other,Operations,Logistics Coordinator,Travel_Frequently,No,9,9,9,5,4564,24,0,3,3,2,4,3,3,1,27,Yes
EMP-0057,24,Female,Married,Bachelor,Human Resources,Marketing,Content Specialist,Non-Travel,No,6,2,1,1,3984,25,2,2,3,3,4,1,3,3,13,No
EMP-0058,41,Female,Married,Master,Life Sciences,Marketing,Content Specialist,Non-Travel,Yes,5,5,3,3,4347,14,0,4,3,3,3,3,1,4,12,No
EMP-0059,50,Male,Married,Bachelor,Medical,Sales,Sales Representative,Non-Travel,No,1,0,0,2,2875,11,0,1,4,2,2,2,3,3,21,Yes
EMP-0060,44,Male,Married,Bachelor,Medical,Engineering,Tech Lead,Travel_Rarely,No,2,2,2,4,6857,22,2,3,4,3,2,3,4,1,6,No
EMP-0061,34,Male,Married,Bachelor,Technical Degree,Engineering,Software Engineer,Non-Travel,No,16,2,1,2,6832,21,0,3,4,3,2,2,3,3,1,No
EMP-0062,22,Male,Married,Master,Other,Engineering,Data Analyst,Travel_Rarely,No,1,0,1,1,6314,17,1,3,3,2,3,3,3,1,5,No
EMP-0063,28,Male,Married,Master,Life Sciences,Sales,Sales Manager,Travel_Rarely,No,1,0,0,1,4342,25,0,3,1,4,3,3,3,4,1,No
EMP-0064,41,Female,Married,Bachelor,Human Resources,Sales,Sales Manager,Non-Travel,No,4,0,1,2,4475,19,2,4,3,3,2,2,3,3,8,No
EMP-0065,44,Male,Single,PhD,Other,Marketing,Content Specialist,Non-Travel,No,9,0,0,3,6263,20,0,3,3,1,4,3,3,1,12,No
EMP-0066,31,Male,Married,Bachelor,Marketing,Sales,Sales Manager,Travel_Rarely,No,0,0,0,3,3601,18,0,2,1,2,3,3,3,3,6,Yes
EMP-0067,29,Male,Married,Bachelor,Other,Marketing,Marketing Analyst,Travel_Rarely,No,3,0,1,1,3311,14,0,2,3,3,1,3,3,1,19,No
EMP-0068,28,Male,Married,Bachelor,Medical,Marketing,Marketing Analyst,Travel_Frequently,No,6,3,6,1,3997,19,1,2,4,1,1,4,4,3,7,No
EMP-0069,33,Female,Married,Bachelor,Human Resources,Sales,Sales Executive,Travel_Rarely,No,0,0,0,4,2652,14,2,3,1,3,3,1,4,4,1,Yes
EMP-0070,51,Female,Divorced,Bachelor,Other,Finance,Finance Manager,Travel_Rarely,Yes,1,0,0,1,4801,20,1,2,2,2,2,3,2,5,20,Yes
EMP-0071,37,Female,Married,Master,Medical,Finance,Accountant,Travel_Rarely,No,3,3,0,4,4969,15,1,4,3,3,1,3,1,2,9,No
EMP-0072,29,Male,Divorced,Bachelor,Human Resources,Sales,Sales Representative,Travel_Rarely,Yes,11,2,3,2,3889,23,2,4,3,2,3,3,4,3,4,No
EMP-0073,22,Male,Divorced,Bachelor,Technical Degree,Sales,Sales Representative,Travel_Rarely,No,0,0,0,2,2818,16,0,3,4,3,4,3,2,3,1,No
EMP-0074,37,Female,Divorced,Master,Human Resources,Engineering,Tech Lead,Travel_Rarely,No,2,0,0,3,8184,15,0,3,3,4,3,3,3,5,12,No
EMP-0075,30,Female,Divorced,PhD,Other,Operations,Logistics Coordinator,Non-Travel,No,3,1,3,3,5122,25,0,3,1,3,4,3,3,2,1,No
EMP-0076,58,Female,Single,Master,Human Resources,Operations,Logistics Coordinator,Travel_Rarely,No,0,0,0,3,3381,17,0,3,3,2,4,3,4,2,1,No
EMP-0077,41,Female,Single,Master,Technical Degree,Engineering,Data Analyst,Non-Travel,No,5,1,5,3,6699,22,1,4,4,2,3,3,3,4,3,No
EMP-0078,46,Female,Single,Bachelor,Marketing,Sales,Sales Executive,Travel_Rarely,No,9,2,1,5,4142,18,2,4,3,3,2,2,2,3,8,Yes
EMP-0079,29,Female,Single,PhD,Technical Degree,Customer Support,Support Lead,Travel_Rarely,Yes,11,2,3,3,6186,13,0,4,3,1,4,4,3,4,12,No
EMP-0080,33,Female,Single,Bachelor,Human Resources,Marketing,Marketing Analyst,Non-Travel,Yes,0,0,0,3,3421,11,0,4,3,4,3,2,3,2,1,Yes
EMP-0081,48,Female,Single,Bachelor,Human Resources,Engineering,Software Engineer,Travel_Rarely,Yes,1,0,1,4,4535,25,0,3,3,3,2,3,3,1,1,No
EMP-0082,32,Male,Married,Bachelor,Other,HR,HR Executive,Travel_Rarely,No,14,2,2,2,4125,13,0,3,1,2,3,2,3,4,6,No
EMP-0083,35,Female,Married,Bachelor,Medical,Finance,Auditor,Non-Travel,No,14,8,3,3,6018,25,1,3,2,1,2,1,4,3,8,No
EMP-0084,37,Male,Divorced,Master,Life Sciences,Marketing,Marketing Analyst,Travel_Rarely,Yes,3,3,3,2,4914,18,3,3,4,4,4,3,4,3,16,No
EMP-0085,37,Male,Married,Bachelor,Medical,Operations,Logistics Coordinator,Travel_Rarely,Yes,6,1,0,2,3476,24,0,3,3,3,3,3,3,1,4,No
EMP-0086,46,Male,Married,Master,Marketing,Engineering,Software Engineer,Travel_Rarely,Yes,5,5,1,3,6685,16,3,2,4,3,3,2,3,3,1,Yes
EMP-0087,36,Female,Married,Bachelor,Life Sciences,Sales,Sales Manager,Travel_Rarely,No,3,3,1,2,4210,14,0,3,2,2,4,3,3,3,1,No
EMP-0088,25,Female,Single,PhD,Medical,Customer Support,Support Lead,Travel_Frequently,No,7,0,2,2,5901,11,1,4,3,1,3,4,3,2,1,No
EMP-0089,29,Female,Married,Master,Medical,Operations,Logistics Coordinator,Travel_Rarely,Yes,11,0,0,1,5190,19,1,3,2,4,1,3,3,4,7,Yes
EMP-0090,43,Male,Single,Master,Human Resources,Engineering,Data Analyst,Travel_Frequently,No,0,0,0,3,5237,25,0,3,3,3,4,3,3,2,1,No
EMP-0091,24,Male,Married,Bachelor,Medical,Sales,Sales Executive,Travel_Rarely,No,6,1,0,2,3143,15,1,4,4,4,3,3,3,1,2,No
EMP-0092,29,Male,Divorced,Master,Other,Sales,Sales Representative,Travel_Rarely,No,1,1,0,2,3751,19,1,2,4,1,4,3,3,2,2,Yes
EMP-0093,34,Male,Single,PhD,Technical Degree,Operations,Logistics Coordinator,Travel_Frequently,No,8,5,7,2,5320,23,0,3,3,2,3,3,3,1,20,No
EMP-0094,33,Male,Single,Bachelor,Human Resources,Engineering,Data Analyst,Non-Travel,Yes,0,0,0,1,4213,24,2,3,2,1,4,4,3,5,7,No
EMP-0095,45,Female,Married,Bachelor,Human Resources,Marketing,Marketing Analyst,Travel_Frequently,No,11,1,1,2,4722,19,2,2,3,3,2,3,1,2,4,No
EMP-0096,35,Female,Married,Bachelor,Marketing,Engineering,Software Engineer,Travel_Rarely,No,5,1,1,4,5826,15,3,3,3,2,3,1,3,4,14,No
EMP-0097,33,Male,Married,Master,Marketing,Sales,Sales Executive,Travel_Rarely,Yes,2,2,2,1,4033,13,2,3,3,1,1,3,4,3,29,Yes
EMP-0098,36,Male,Married,PhD,Other,Customer Support,Support Lead,Travel_Rarely,No,5,0,1,1,5878,17,0,3,3,3,3,1,3,1,1,No
EMP-0099,22,Male,Married,Bachelor,Other,Operations,Logistics Coordinator,Travel_Rarely,No,4,3,4,1,3119,21,0,3,3,2,3,3,4,1,20,No
EMP-0100,41,Male,Married,Bachelor,Technical Degree,Sales,Sales Executive,Travel_Rarely,No,14,2,3,3,4265,20,1,4,4,4,1,2,3,2,6,No
EMP-0101,33,Male,Married,Bachelor,Other,Sales,Sales Representative,Travel_Frequently,Yes,6,0,1,2,3331,21,1,3,4,2,3,4,4,4,7,Yes
EMP-0102,38,Male,Married,Master,Human Resources,HR,Recruiter,Travel_Frequently,No,4,3,4,2,3590,14,1,4,4,2,3,3,3,3,8,No
EMP-0103,36,Male,Single,Master,Human Resources,HR,Recruiter,Non-Travel,No,6,1,5,1,4213,25,3,3,2,2,3,3,3,1,6,No
EMP-0104,31,Male,Married,Bachelor,Marketing,Finance,Auditor,Travel_Rarely,No,8,1,1,4,4876,24,0,2,3,3,4,4,4,2,1,No
EMP-0105,36,Female,Divorced,Bachelor,Other,Customer Support,Support Lead,Travel_Frequently,No,1,1,1,5,3237,18,3,1,3,2,4,2,4,3,2,No
EMP-0106,42,Female,Married,Bachelor,Other,Engineering,Senior Engineer,Non-Travel,Yes,24,8,0,3,9552,23,1,3,4,3,4,2,4,4,1,Yes
EMP-0107,27,Female,Single,Bachelor,Medical,Finance,Finance Manager,Travel_Rarely,No,9,9,9,5,6847,21,1,3,3,3,3,2,3,2,2,Yes
EMP-0108,46,Female,Divorced,Master,Other,Marketing,Content Specialist,Non-Travel,No,0,0,0,2,3852,18,1,3,2,2,4,3,3,3,6,No
EMP-0109,31,Female,Married,Master,Life Sciences,Sales,Sales Executive,Travel_Rarely,No,6,6,3,1,4661,23,0,4,1,4,4,2,3,2,1,No
EMP-0110,46,Male,Married,Bachelor,Life Sciences,Marketing,Marketing Manager,Travel_Rarely,No,14,2,11,5,6655,19,0,2,3,4,4,3,4,4,18,No
EMP-0111,22,Female,Single,High School,Technical Degree,Sales,Sales Executive,Travel_Rarely,No,4,0,0,2,2613,24,0,3,4,3,3,4,3,4,1,No
EMP-0112,22,Female,Divorced,Bachelor,Medical,Finance,Finance Manager,Travel_Rarely,Yes,0,0,0,2,5384,16,0,4,4,4,4,3,3,3,13,Yes
EMP-0113,35,Female,Single,Master,Life Sciences,Sales,Sales Executive,Travel_Rarely,No,14,8,2,3,5943,24,0,4,4,2,1,3,3,3,9,Yes
EMP-0114,29,Female,Married,Master,Medical,Engineering,Senior Engineer,Non-Travel,No,6,2,1,1,6537,20,0,3,3,3,3,3,3,1,13,No
EMP-0115,32,Female,Married,PhD,Other,Sales,Sales Representative,Travel_Rarely,Yes,14,6,10,2,6660,13,1,3,3,3,3,3,3,2,10,No
EMP-0116,35,Female,Married,PhD,Human Resources,Engineering,Senior Engineer,Travel_Rarely,No,1,1,1,2,6894,23,0,3,2,3,1,3,3,3,1,No
EMP-0117,33,Female,Married,Bachelor,Human Resources,Finance,Finance Analyst,Travel_Rarely,No,0,0,0,4,3730,25,1,4,3,4,1,4,4,1,4,No
EMP-0118,42,Male,Married,Bachelor,Marketing,Finance,Finance Manager,Travel_Rarely,No,2,2,2,1,5036,23,3,3,2,3,3,2,4,3,10,No
EMP-0119,22,Female,Divorced,High School,Human Resources,Engineering,Senior Engineer,Travel_Rarely,No,4,4,1,4,4577,14,2,3,3,3,4,3,3,3,17,No
EMP-0120,29,Male,Single,Master,Marketing,Finance,Auditor,Travel_Rarely,No,11,3,7,4,7361,21,2,4,3,3,1,1,4,5,18,No
EMP-0121,33,Male,Married,Bachelor,Medical,Operations,Operations Analyst,Travel_Rarely,No,9,0,6,2,3776,18,0,3,3,3,3,1,3,0,8,No
EMP-0122,29,Female,Single,Master,Medical,Sales,Sales Representative,Non-Travel,Yes,11,2,1,3,5303,19,3,3,3,4,3,3,3,3,7,No
EMP-0123,36,Female,Single,Master,Life Sciences,Marketing,Marketing Analyst,Travel_Rarely,No,7,7,0,2,4916,23,0,2,1,2,3,3,3,3,11,No
EMP-0124,39,Female,Married,Master,Human Resources,Sales,Sales Executive,Non-Travel,Yes,0,0,0,1,3760,19,2,4,4,3,1,4,3,5,29,No
EMP-0125,40,Male,Married,Master,Human Resources,Engineering,Software Engineer,Travel_Rarely,No,0,0,0,4,6184,11,0,3,4,2,4,3,3,6,4,No
EMP-0126,32,Female,Single,Bachelor,Other,Engineering,Data Analyst,Travel_Frequently,No,4,0,4,2,5408,22,1,3,4,3,3,3,2,3,9,No
EMP-0127,34,Female,Married,Bachelor,Technical Degree,Sales,Sales Representative,Non-Travel,Yes,16,1,4,3,4953,17,0,3,3,2,2,2,3,3,2,Yes
EMP-0128,26,Female,Single,Master,Life Sciences,Sales,Sales Representative,Travel_Rarely,Yes,1,0,1,4,3908,15,1,4,4,4,3,2,3,1,13,Yes
EMP-0129,42,Male,Single,Master,Marketing,Engineering,Data Analyst,Non-Travel,No,10,2,0,1,8537,23,0,3,2,2,3,4,3,3,8,No
EMP-0130,41,Female,Married,Bachelor,Marketing,Operations,Logistics Coordinator,Travel_Rarely,No,11,1,0,2,3925,15,0,3,3,3,4,3,4,4,6,No
EMP-0131,38,Male,Married,Bachelor,Other,Engineering,Senior Engineer,Non-Travel,No,2,2,1,1,4444,21,0,4,2,4,4,1,4,4,4,No
EMP-0132,30,Female,Married,Master,Life Sciences,Engineering,Senior Engineer,Travel_Rarely,No,4,2,1,3,6499,23,1,3,4,4,3,1,4,4,1,No
EMP-0133,36,Female,Married,Bachelor,Other,Sales,Sales Executive,Travel_Rarely,No,6,3,3,1,3351,22,1,3,4,3,4,2,2,2,6,No
EMP-0134,26,Male,Married,Master,Human Resources,Engineering,Tech Lead,Non-Travel,No,0,0,0,1,7161,16,2,3,2,4,1,4,3,2,1,No
EMP-0135,53,Male,Single,Master,Marketing,Engineering,Software Engineer,Non-Travel,No,11,0,0,1,8434,19,0,1,3,2,4,4,3,3,1,No
EMP-0136,42,Female,Married,Bachelor,Other,Engineering,Data Analyst,Non-Travel,No,19,0,3,6,8545,11,0,3,3,3,3,2,3,4,7,No
EMP-0137,35,Male,Divorced,Bachelor,Other,Sales,Sales Manager,Travel_Rarely,No,7,2,5,1,4249,21,0,3,3,3,3,4,3,4,2,No
EMP-0138,48,Male,Single,Bachelor,Life Sciences,Sales,Sales Executive,Travel_Rarely,No,1,1,0,2,3080,25,1,3,2,3,2,3,3,3,9,No
EMP-0139,60,Female,Divorced,Master,Marketing,Sales,Sales Manager,Travel_Rarely,Yes,8,0,8,4,5442,13,1,3,3,3,3,3,3,3,2,No
EMP-0140,36,Male,Married,Bachelor,Medical,Engineering,Software Engineer,Travel_Rarely,No,4,4,4,3,5729,22,2,3,3,3,3,3,4,3,1,No
EMP-0141,39,Male,Single,Master,Medical,Sales,Sales Manager,Travel_Frequently,No,4,3,2,4,5713,19,0,3,4,3,4,3,3,4,2,No
EMP-0142,46,Female,Married,Master,Medical,Finance,Finance Manager,Travel_Rarely,No,6,2,5,3,7255,24,2,3,2,4,3,3,4,3,29,No
EMP-0143,39,Female,Single,PhD,Other,Marketing,Marketing Manager,Travel_Frequently,Yes,4,0,4,3,6526,17,1,3,4,4,3,3,3,2,4,No
EMP-0144,34,Male,Divorced,Master,Other,Operations,Operations Analyst,Travel_Rarely,No,16,0,4,2,6503,16,0,3,1,4,4,3,3,3,5,No
EMP-0145,37,Female,Married,Bachelor,Marketing,Sales,Sales Manager,Travel_Rarely,No,2,2,2,3,3669,17,0,3,3,3,3,1,2,4,1,No
EMP-0146,25,Female,Divorced,Bachelor,Other,Engineering,Software Engineer,Travel_Frequently,No,7,3,2,4,5312,11,1,4,4,1,3,2,3,3,2,No
EMP-0147,37,Female,Single,Master,Life Sciences,Marketing,Marketing Manager,Non-Travel,No,19,0,0,3,8312,18,0,3,3,1,3,2,4,3,1,Yes
EMP-0148,30,Male,Married,Master,Medical,Operations,Operations Analyst,Travel_Frequently,No,12,10,0,5,5544,14,1,3,3,1,3,3,2,2,1,No
EMP-0149,28,Female,Single,High School,Life Sciences,Finance,Auditor,Non-Travel,No,7,7,0,3,4293,21,0,3,3,4,2,3,3,3,16,No
EMP-0150,42,Female,Married,Bachelor,Human Resources,Sales,Sales Representative,Travel_Rarely,No,20,3,2,3,5474,18,3,2,4,4,3,2,3,3,10,No
EMP-0151,27,Male,Married,Master,Technical Degree,Customer Support,Support Executive,Travel_Rarely,No,7,1,4,1,4223,22,1,4,4,1,1,2,1,1,1,No
EMP-0152,43,Male,Married,Bachelor,Other,HR,Payroll Specialist,Travel_Rarely,Yes,25,1,8,5,5374,23,1,3,3,2,4,3,3,3,14,Yes
EMP-0153,43,Female,Single,Bachelor,Medical,Marketing,Content Specialist,Travel_Rarely,No,4,4,0,1,3581,13,3,3,3,4,4,2,3,4,4,No
EMP-0154,42,Male,Married,Bachelor,Other,Operations,Logistics Coordinator,Non-Travel,No,3,3,1,2,3070,12,1,3,1,4,3,1,3,3,1,No
EMP-0155,51,Male,Divorced,Bachelor,Life Sciences,HR,HR Manager,Travel_Rarely,Yes,6,1,1,3,4058,13,3,3,1,4,1,1,3,5,4,Yes
EMP-0156,46,Female,Single,Bachelor,Marketing,Operations,Logistics Coordinator,Travel_Frequently,No,3,2,3,5,3050,11,0,4,3,2,3,1,3,3,1,No
EMP-0157,43,Male,Married,Master,Life Sciences,Operations,Operations Manager,Non-Travel,No,1,1,0,2,4887,19,2,3,2,3,4,4,3,4,2,No
EMP-0158,39,Male,Divorced,Bachelor,Other,Customer Support,Support Executive,Travel_Frequently,Yes,2,1,2,3,2474,11,3,3,4,4,2,3,3,3,4,No
EMP-0159,35,Female,Divorced,Bachelor,Other,Sales,Sales Executive,Travel_Rarely,No,8,0,2,1,3745,12,0,3,3,3,3,3,2,3,2,No
EMP-0160,35,Female,Married,Master,Marketing,Customer Support,Support Lead,Non-Travel,No,17,1,6,1,6726,16,2,3,4,2,2,3,3,1,27,No
EMP-0161,47,Male,Married,Master,Marketing,Engineering,Software Engineer,Travel_Rarely,Yes,15,0,0,4,8526,14,3,4,3,1,2,3,3,3,13,Yes
EMP-0162,40,Male,Married,Master,Life Sciences,Engineering,Data Analyst,Travel_Frequently,Yes,2,2,2,1,6225,20,1,1,4,4,2,4,3,3,5,No
EMP-0163,26,Female,Married,Bachelor,Other,Operations,Operations Analyst,Non-Travel,No,8,5,0,1,3936,16,0,4,3,1,3,2,3,4,8,No
EMP-0164,39,Female,Divorced,Bachelor,Technical Degree,Sales,Sales Executive,Non-Travel,No,5,0,1,3,3491,13,2,3,2,3,3,1,3,1,4,No
EMP-0165,52,Female,Married,Master,Marketing,Finance,Finance Analyst,Travel_Rarely,No,8,8,0,1,6368,15,2,3,3,2,1,3,1,4,2,No
EMP-0166,32,Female,Single,Bachelor,Other,Engineering,Senior Engineer,Travel_Rarely,No,0,0,0,1,4253,25,0,3,4,4,3,4,3,5,3,No
EMP-0167,37,Female,Married,High School,Other,Engineering,Tech Lead,Travel_Rarely,Yes,0,0,0,4,4806,11,1,4,4,4,4,3,3,1,9,Yes
EMP-0168,30,Female,Married,Bachelor,Medical,HR,Recruiter,Non-Travel,No,12,3,3,2,3895,16,0,4,1,2,3,2,2,3,28,No
EMP-0169,41,Male,Married,Bachelor,Medical,Finance,Finance Analyst,Travel_Rarely,No,1,1,0,3,4185,20,2,3,3,3,3,4,3,2,23,No
EMP-0170,28,Male,Divorced,Master,Other,Marketing,Marketing Manager,Travel_Rarely,No,1,1,0,6,5684,25,0,4,1,3,4,4,3,3,1,No
EMP-0171,41,Male,Married,Master,Life Sciences,Engineering,Tech Lead,Travel_Rarely,No,8,0,1,2,10496,11,0,3,1,2,3,3,3,4,7,No
EMP-0172,42,Male,Married,Bachelor,Human Resources,Sales,Sales Manager,Travel_Frequently,No,2,1,2,6,4269,14,0,3,4,2,3,3,1,0,1,No
EMP-0173,33,Female,Married,Bachelor,Life Sciences,Operations,Operations Analyst,Travel_Frequently,No,14,6,6,2,4436,25,0,3,3,3,3,3,2,2,1,No
EMP-0174,47,Male,Single,Bachelor,Medical,Customer Support,Customer Success Manager,Travel_Rarely,No,8,1,8,2,4416,12,0,3,1,1,1,4,3,3,23,No
EMP-0175,59,Female,Married,Bachelor,Technical Degree,Customer Support,Support Lead,Travel_Frequently,Yes,10,0,2,1,4252,14,2,3,3,3,3,2,1,3,1,No
EMP-0176,34,Female,Married,High School,Marketing,Sales,Sales Representative,Travel_Rarely,No,0,0,0,3,2382,19,0,3,1,3,3,4,3,5,5,Yes
EMP-0177,39,Male,Married,PhD,Human Resources,Engineering,Software Engineer,Travel_Rarely,Yes,1,1,1,1,7167,25,0,3,2,4,4,4,2,3,5,No
EMP-0178,29,Male,Single,Master,Life Sciences,Finance,Accountant,Travel_Rarely,No,0,0,0,3,4390,12,0,4,3,4,1,3,3,4,3,No
EMP-0179,39,Female,Married,Master,Life Sciences,Finance,Finance Analyst,Travel_Frequently,No,0,0,0,4,4679,20,1,4,2,3,3,3,3,3,1,Yes
EMP-0180,31,Female,Divorced,High School,Technical Degree,Engineering,Tech Lead,Travel_Frequently,Yes,13,1,0,4,6819,13,3,4,3,2,3,3,2,4,4,No
EMP-0181,33,Female,Single,Master,Life Sciences,Operations,Operations Manager,Non-Travel,No,2,2,0,2,4826,18,0,3,4,4,4,3,2,2,29,No
EMP-0182,36,Male,Married,Master,Medical,Operations,Operations Analyst,Non-Travel,No,11,9,2,1,5172,11,0,4,3,2,4,3,3,1,16,No
EMP-0183,36,Male,Married,Bachelor,Medical,Sales,Sales Manager,Non-Travel,No,1,1,1,2,3754,14,0,2,1,1,4,3,3,2,13,No
EMP-0184,28,Male,Married,Bachelor,Medical,HR,HR Executive,Non-Travel,Yes,10,9,6,3,3888,14,1,4,3,4,3,3,3,2,1,No
EMP-0185,36,Male,Divorced,High School,Other,Operations,Operations Manager,Travel_Frequently,No,7,3,7,2,4116,15,1,3,2,3,3,3,3,2,1,No
EMP-0186,45,Male,Married,Master,Life Sciences,Finance,Finance Manager,Travel_Frequently,No,9,2,4,1,7700,16,0,3,3,4,3,4,3,3,11,No
EMP-0187,29,Male,Married,Master,Other,Finance,Finance Manager,Travel_Rarely,No,2,1,2,2,6133,12,0,3,3,4,4,4,3,1,9,No
EMP-0188,48,Female,Single,Master,Other,Marketing,Marketing Analyst,Travel_Rarely,No,10,0,0,1,5370,23,1,3,4,3,3,2,4,3,13,No
EMP-0189,24,Male,Married,Master,Technical Degree,Sales,Sales Executive,Travel_Rarely,No,1,0,1,3,3981,23,0,3,4,3,4,4,4,1,14,Yes
EMP-0190,50,Male,Single,High School,Technical Degree,Engineering,Senior Engineer,Travel_Rarely,Yes,2,2,2,4,3997,25,0,3,3,4,1,3,3,3,23,Yes
EMP-0191,31,Female,Single,Master,Human Resources,Sales,Sales Manager,Travel_Rarely,No,3,1,3,2,4787,23,0,3,3,3,2,3,3,2,19,No
EMP-0192,25,Male,Divorced,Bachelor,Other,Marketing,Content Specialist,Travel_Rarely,No,7,1,6,5,4376,12,1,3,2,4,4,3,3,4,11,No
EMP-0193,42,Female,Divorced,Master,Technical Degree,Sales,Sales Manager,Non-Travel,No,1,1,1,1,4414,16,1,2,4,3,3,1,3,3,1,No
EMP-0194,47,Female,Married,High School,Technical Degree,Sales,Sales Representative,Travel_Rarely,Yes,9,5,0,5,3105,12,0,3,2,4,2,3,2,1,7,Yes
EMP-0195,43,Male,Single,Bachelor,Medical,Engineering,Senior Engineer,Travel_Rarely,Yes,7,4,0,1,5468,13,0,4,3,1,3,4,4,3,11,No
EMP-0196,40,Female,Divorced,Master,Technical Degree,Marketing,Marketing Analyst,Non-Travel,No,22,0,2,3,7694,12,2,2,2,1,3,4,3,4,1,Yes
EMP-0197,47,Female,Divorced,Bachelor,Technical Degree,Operations,Logistics Coordinator,Non-Travel,No,5,0,5,1,3651,18,0,3,3,2,3,3,4,3,2,No
EMP-0198,31,Female,Single,High School,Medical,Sales,Sales Executive,Travel_Frequently,No,13,1,1,1,3890,21,2,3,3,3,4,3,4,4,29,No
EMP-0199,29,Male,Married,High School,Other,HR,Payroll Specialist,Travel_Rarely,No,8,6,3,3,2986,21,0,3,3,3,4,3,3,3,3,No
EMP-0200,22,Female,Married,Master,Medical,Engineering,Tech Lead,Travel_Rarely,No,4,0,3,2,8618,18,0,2,3,2,4,4,4,1,7,No
EMP-0201,55,Male,Single,Bachelor,Medical,Sales,Sales Executive,Travel_Rarely,No,7,4,1,2,3267,11,1,2,3,3,4,3,1,3,3,No
EMP-0202,47,Female,Single,Master,Human Resources,Operations,Logistics Coordinator,Travel_Rarely,No,10,3,6,2,4900,20,1,3,1,2,3,3,3,3,5,Yes
EMP-0203,36,Male,Divorced,Bachelor,Other,Marketing,Marketing Analyst,Non-Travel,No,6,3,6,5,3896,20,0,3,1,2,2,3,3,1,16,No
EMP-0204,35,Female,Single,Bachelor,Marketing,Engineering,Data Analyst,Travel_Rarely,No,3,2,3,1,4873,18,1,4,3,4,3,3,4,1,1,No
EMP-0205,38,Male,Married,Bachelor,Medical,Customer Support,Customer Success Manager,Non-Travel,No,2,2,1,3,3573,21,0,2,3,3,3,4,3,3,5,No
EMP-0206,22,Male,Married,Bachelor,Technical Degree,Engineering,Tech Lead,Travel_Frequently,No,4,0,0,5,6935,21,1,4,3,3,4,3,3,2,1,No
EMP-0207,43,Female,Married,PhD,Human Resources,Sales,Sales Representative,Travel_Rarely,No,21,0,0,1,7092,19,2,3,3,3,4,3,3,4,21,No
EMP-0208,48,Male,Single,Bachelor,Other,Sales,Sales Executive,Non-Travel,No,2,0,2,2,3016,16,1,4,3,2,1,3,3,3,1,No
EMP-0209,37,Female,Married,Master,Human Resources,Marketing,Content Specialist,Travel_Rarely,No,3,1,3,1,4626,25,0,3,3,1,3,3,3,3,29,No
EMP-0210,26,Female,Married,PhD,Other,Sales,Sales Manager,Travel_Rarely,No,5,5,0,2,6943,25,1,3,2,4,2,3,4,1,2,No
EMP-0211,27,Male,Married,Bachelor,Human Resources,Sales,Sales Manager,Non-Travel,No,5,1,5,2,4063,15,2,4,1,4,3,3,3,4,2,No
EMP-0212,42,Male,Married,Bachelor,Medical,Sales,Sales Representative,Travel_Rarely,Yes,2,2,2,1,3241,25,1,3,3,3,4,3,3,2,11,No
EMP-0213,38,Male,Divorced,Bachelor,Medical,Finance,Finance Analyst,Travel_Rarely,No,5,0,2,1,4966,15,3,4,3,3,4,4,3,3,17,No
EMP-0214,33,Male,Single,Bachelor,Other,Engineering,Data Analyst,Travel_Rarely,No,7,1,2,2,5774,23,0,3,4,3,1,1,3,4,14,No
EMP-0215,31,Female,Married,PhD,Other,HR,Payroll Specialist,Non-Travel,No,10,0,1,1,5549,17,1,2,1,2,3,1,4,5,6,No
EMP-0216,36,Female,Married,Bachelor,Other,Engineering,Data Analyst,Non-Travel,No,1,1,1,4,4237,15,3,2,4,3,3,2,3,3,1,No
EMP-0217,44,Male,Married,Bachelor,Medical,Operations,Operations Analyst,Travel_Rarely,No,5,2,0,5,3496,25,0,3,3,2,4,4,4,3,3,No
EMP-0218,36,Male,Married,Master,Human Resources,Sales,Sales Executive,Non-Travel,Yes,11,2,4,4,5237,20,0,3,3,2,4,4,2,2,14,Yes
EMP-0219,44,Female,Married,Master,Human Resources,Marketing,Content Specialist,Travel_Rarely,No,16,0,16,1,6145,12,1,2,1,4,3,3,2,3,20,No
EMP-0220,33,Male,Married,Master,Other,Engineering,Data Analyst,Travel_Rarely,No,7,0,2,1,7750,23,0,3,3,1,2,2,3,3,14,No
EMP-0221,41,Male,Married,Master,Technical Degree,Operations,Operations Manager,Non-Travel,No,3,3,3,3,4921,12,0,4,4,2,3,2,4,1,1,No
EMP-0222,37,Male,Divorced,Master,Medical,Sales,Sales Representative,Travel_Rarely,No,5,2,5,1,4394,15,1,4,3,4,3,2,3,4,1,No
EMP-0223,39,Female,Married,Master,Human Resources,Engineering,Software Engineer,Travel_Rarely,Yes,5,3,1,3,6742,11,2,3,3,3,4,2,3,5,15,No
EMP-0224,39,Male,Married,Bachelor,Marketing,Engineering,Senior Engineer,Travel_Frequently,No,2,0,2,2,4511,19,1,2,3,2,4,3,3,4,3,No
EMP-0225,51,Male,Married,Bachelor,Medical,Engineering,Software Engineer,Travel_Rarely,No,7,2,1,4,5962,20,0,3,3,3,3,2,2,1,3,No
EMP-0226,34,Female,Married,Bachelor,Marketing,Engineering,Software Engineer,Travel_Rarely,No,8,0,0,3,6109,20,0,3,2,4,1,1,3,2,10,No
EMP-0227,22,Female,Married,Bachelor,Technical Degree,Sales,Sales Manager,Travel_Rarely,Yes,1,0,1,6,4093,13,2,3,3,2,1,3,4,4,9,Yes
EMP-0228,38,Female,Married,Bachelor,Medical,Operations,Operations Analyst,Travel_Rarely,No,5,0,2,4,3209,17,0,3,2,3,2,2,4,3,4,Yes
EMP-0229,35,Female,Single,Bachelor,Life Sciences,HR,HR Executive,Travel_Rarely,No,13,1,9,2,4317,21,0,3,1,4,3,3,3,4,11,No
EMP-0230,40,Male,Married,Master,Other,HR,Payroll Specialist,Travel_Rarely,Yes,2,2,1,2,3538,22,0,3,4,1,3,3,3,0,1,No
EMP-0231,22,Female,Married,Master,Marketing,HR,Payroll Specialist,Non-Travel,No,4,1,1,1,4073,14,1,3,2,3,3,3,4,2,17,No
EMP-0232,34,Male,Married,Bachelor,Marketing,Sales,Sales Representative,Travel_Rarely,No,7,2,7,1,3397,18,2,3,4,2,2,3,4,1,14,No
EMP-0233,37,Male,Married,PhD,Life Sciences,Finance,Finance Analyst,Travel_Frequently,No,19,5,2,1,10340,17,1,3,1,2,3,3,3,5,8,No
EMP-0234,32,Female,Married,Master,Other,Customer Support,Support Executive,Non-Travel,No,0,0,0,5,2890,21,0,4,3,2,4,3,3,3,5,No
EMP-0235,41,Female,Married,Master,Marketing,Customer Support,Support Executive,Travel_Rarely,Yes,15,1,3,3,4811,16,2,1,3,4,3,3,3,3,1,No
EMP-0236,49,Female,Single,Master,Marketing,Customer Support,Support Lead,Travel_Rarely,No,3,2,3,5,4153,14,0,3,3,2,3,2,3,4,4,No
EMP-0237,31,Female,Married,PhD,Technical Degree,HR,HR Manager,Travel_Frequently,No,1,0,1,2,5209,17,0,3,2,3,4,2,3,4,2,Yes
EMP-0238,36,Male,Married,High School,Other,Marketing,Marketing Manager,Travel_Rarely,No,1,1,0,1,3470,13,1,3,3,2,3,2,3,5,1,No
EMP-0239,34,Male,Married,Bachelor,Medical,Engineering,Tech Lead,Travel_Rarely,No,11,2,2,3,8621,23,0,2,1,4,3,1,4,5,1,No
EMP-0240,30,Female,Single,Bachelor,Human Resources,Operations,Logistics Coordinator,Non-Travel,No,2,2,2,3,2990,13,3,2,4,3,3,3,3,3,4,No
EMP-0241,22,Male,Single,Bachelor,Human Resources,Engineering,Software Engineer,Travel_Rarely,No,4,3,3,4,5362,17,2,3,2,2,4,3,3,3,1,No
EMP-0242,22,Male,Married,Bachelor,Human Resources,Engineering,Data Analyst,Travel_Frequently,No,2,0,2,1,4747,11,0,4,3,4,2,4,3,3,5,No
EMP-0243,29,Male,Married,Master,Technical Degree,Operations,Logistics Coordinator,Travel_Rarely,No,3,3,0,1,3942,16,0,3,3,1,4,3,3,3,25,No
EMP-0244,34,Male,Divorced,Bachelor,Marketing,Customer Support,Support Lead,Travel_Frequently,Yes,7,3,1,1,4102,22,2,3,3,2,4,3,3,3,22,Yes
EMP-0245,45,Female,Married,Master,Marketing,Engineering,Senior Engineer,Travel_Rarely,No,9,0,9,1,7701,16,2,4,1,3,3,3,3,3,1,No
EMP-0246,39,Male,Single,PhD,Technical Degree,Customer Support,Customer Success Manager,Travel_Frequently,Yes,0,0,0,2,4182,25,1,3,2,4,4,2,3,1,7,Yes
EMP-0247,48,Female,Married,High School,Marketing,Operations,Logistics Coordinator,Non-Travel,No,7,5,4,2,3032,11,0,3,2,4,3,2,3,2,14,No
EMP-0248,29,Female,Married,Bachelor,Marketing,Operations,Operations Manager,Non-Travel,No,4,4,4,4,4260,19,3,3,3,3,4,4,3,3,8,No
EMP-0249,46,Male,Single,Bachelor,Marketing,Engineering,Software Engineer,Non-Travel,No,3,0,2,2,4691,15,2,3,2,2,3,3,3,4,1,No
EMP-0250,47,Male,Married,Bachelor,Human Resources,Finance,Finance Analyst,Non-Travel,No,7,3,1,1,4776,20,1,3,4,2,1,3,3,4,3,No
EMP-0251,45,Male,Single,Master,Medical,Finance,Accountant,Non-Travel,No,3,0,3,2,5304,25,0,3,3,3,3,2,4,0,1,No
EMP-0252,51,Male,Single,Bachelor,Technical Degree,Engineering,Software Engineer,Travel_Rarely,No,4,4,1,1,4730,14,0,3,3,3,1,2,3,1,4,No
EMP-0253,34,Female,Divorced,Master,Life Sciences,Sales,Sales Manager,Travel_Rarely,No,2,2,0,6,5367,14,0,4,2,4,2,3,2,3,4,No
EMP-0254,51,Female,Married,High School,Human Resources,Customer Support,Support Executive,Non-Travel,No,3,1,3,2,2404,13,0,3,4,4,2,2,3,2,16,No
EMP-0255,22,Female,Married,Master,Other,Operations,Operations Analyst,Travel_Rarely,No,2,0,0,3,3795,11,1,2,2,1,3,4,4,3,7,No
EMP-0256,32,Male,Married,Bachelor,Human Resources,Operations,Operations Analyst,Travel_Rarely,No,1,1,1,5,3088,17,0,3,2,3,3,2,4,3,2,Yes
EMP-0257,32,Male,Single,Bachelor,Technical Degree,Sales,Sales Executive,Travel_Frequently,No,4,2,1,5,3436,20,0,3,1,2,3,2,3,0,1,Yes
EMP-0258,36,Female,Single,Bachelor,Other,Sales,Sales Manager,Travel_Frequently,No,11,0,8,2,5745,12,1,3,3,4,2,2,3,2,5,Yes
EMP-0259,39,Female,Single,Bachelor,Technical Degree,Customer Support,Support Executive,Non-Travel,No,3,1,0,3,2729,11,3,3,3,3,3,1,3,4,18,No
EMP-0260,46,Male,Married,Master,Marketing,Customer Support,Support Executive,Travel_Frequently,No,27,1,7,4,6681,25,3,3,3,4,3,1,2,2,5,No
EMP-0261,42,Male,Single,Bachelor,Other,Marketing,Content Specialist,Travel_Rarely,Yes,6,6,0,4,3808,24,0,3,3,2,3,3,3,3,3,Yes
EMP-0262,22,Female,Married,Bachelor,Human Resources,Engineering,Tech Lead,Travel_Rarely,No,4,0,0,1,7461,19,0,4,3,3,4,3,3,3,10,No
EMP-0263,32,Male,Single,Bachelor,Technical Degree,Customer Support,Support Lead,Non-Travel,No,0,0,0,2,3287,22,3,1,2,4,1,4,3,2,9,No
EMP-0264,44,Male,Single,PhD,Medical,Customer Support,Customer Success Manager,Travel_Rarely,Yes,10,5,3,1,5798,14,0,3,4,2,3,3,3,3,4,No
EMP-0265,30,Female,Married,Master,Human Resources,HR,Payroll Specialist,Non-Travel,No,3,0,3,1,3971,17,3,2,4,3,4,4,3,4,6,No
EMP-0266,35,Female,Married,Master,Life Sciences,Operations,Logistics Coordinator,Travel_Rarely,Yes,2,0,2,2,3580,25,3,3,3,3,3,3,2,3,4,No
EMP-0267,28,Male,Single,Bachelor,Technical Degree,Finance,Finance Analyst,Travel_Rarely,No,2,2,2,3,3879,18,0,3,3,2,3,3,3,4,9,No
EMP-0268,30,Male,Married,Bachelor,Technical Degree,Finance,Finance Manager,Travel_Frequently,Yes,12,2,1,1,7879,25,1,3,3,3,3,3,1,2,6,No
EMP-0269,56,Male,Single,PhD,Medical,Engineering,Senior Engineer,Travel_Rarely,No,6,0,4,4,8123,11,1,4,1,1,4,4,4,4,1,Yes
EMP-0270,25,Male,Single,Master,Medical,Engineering,Software Engineer,Travel_Rarely,Yes,7,0,2,1,7386,11,0,3,3,2,3,1,3,3,1,Yes
EMP-0271,29,Male,Single,Bachelor,Life Sciences,Operations,Logistics Coordinator,Travel_Rarely,No,0,0,0,2,3096,18,1,4,3,2,3,4,3,6,1,No
EMP-0272,47,Male,Married,Bachelor,Technical Degree,HR,HR Executive,Travel_Rarely,Yes,1,1,1,1,2579,15,3,4,3,3,4,1,3,2,16,No
EMP-0273,46,Female,Divorced,Master,Life Sciences,Engineering,Software Engineer,Travel_Frequently,Yes,15,1,9,2,9336,21,0,3,3,2,4,3,3,4,6,No
EMP-0274,31,Female,Single,Bachelor,Human Resources,Engineering,Tech Lead,Travel_Rarely,No,3,3,3,1,6115,24,2,3,2,2,3,4,4,3,11,No
EMP-0275,38,Male,Single,Master,Other,Finance,Finance Manager,Travel_Rarely,No,10,9,4,1,9132,24,3,3,4,4,3,3,3,5,9,No
EMP-0276,37,Male,Married,High School,Human Resources,Operations,Operations Analyst,Travel_Rarely,No,0,0,0,3,2400,18,1,3,2,1,1,3,2,4,4,Yes
EMP-0277,48,Male,Married,Bachelor,Life Sciences,Engineering,Data Analyst,Travel_Frequently,No,13,0,4,3,6987,17,1,4,2,3,2,2,3,5,3,No
EMP-0278,34,Male,Married,Master,Human Resources,Operations,Operations Analyst,Travel_Rarely,No,1,1,1,2,3930,17,2,3,3,3,3,4,3,3,1,No
EMP-0279,34,Male,Married,PhD,Life Sciences,Customer Support,Customer Success Manager,Travel_Rarely,No,3,0,0,3,4944,20,0,2,2,3,3,4,3,3,3,No
EMP-0280,42,Male,Single,Master,Life Sciences,Sales,Sales Representative,Travel_Rarely,No,0,0,0,3,3156,24,0,3,3,3,1,3,4,4,5,No
EMP-0281,37,Female,Married,Bachelor,Life Sciences,Finance,Finance Manager,Travel_Rarely,Yes,7,1,5,3,5712,13,0,3,3,4,3,2,3,1,13,No
EMP-0282,41,Female,Single,Bachelor,Other,Operations,Operations Analyst,Travel_Rarely,No,11,0,1,1,4003,11,1,4,2,2,4,4,1,4,13,No
EMP-0283,22,Female,Married,Bachelor,Human Resources,Operations,Logistics Coordinator,Travel_Rarely,No,3,0,1,3,3506,13,0,3,1,4,3,3,4,2,13,No
EMP-0284,39,Female,Married,Master,Marketing,Sales,Sales Executive,Non-Travel,Yes,10,1,2,1,4633,25,1,4,2,2,3,3,3,3,2,Yes
EMP-0285,52,Male,Married,Master,Life Sciences,Sales,Sales Manager,Travel_Frequently,Yes,4,0,4,5,5136,11,1,3,2,4,3,3,3,2,2,No
EMP-0286,36,Male,Single,Master,Other,HR,HR Executive,Travel_Rarely,No,1,0,1,2,3590,18,0,3,4,3,2,3,3,3,9,No
EMP-0287,51,Male,Married,High School,Other,Marketing,Marketing Analyst,Travel_Rarely,Yes,2,1,2,4,2730,21,0,3,3,1,3,4,3,3,1,Yes
EMP-0288,27,Female,Married,Bachelor,Marketing,Engineering,Tech Lead,Travel_Rarely,No,6,1,0,3,7514,20,1,1,2,3,3,3,4,4,1,No
EMP-0289,44,Female,Divorced,Bachelor,Technical Degree,Operations,Logistics Coordinator,Non-Travel,No,4,2,2,1,3139,22,0,3,3,3,1,3,3,5,5,No
EMP-0290,31,Female,Married,Master,Medical,Operations,Operations Manager,Travel_Rarely,No,1,0,1,5,5343,14,1,4,4,3,3,1,3,3,29,No
EMP-0291,22,Male,Married,Bachelor,Life Sciences,Sales,Sales Manager,Travel_Frequently,No,4,2,0,5,4610,22,0,1,3,3,2,4,3,3,6,No
EMP-0292,41,Female,Single,Bachelor,Other,Operations,Logistics Coordinator,Travel_Rarely,No,23,4,0,3,5753,12,2,2,3,1,4,4,3,4,1,No
EMP-0293,50,Female,Single,Bachelor,Medical,Sales,Sales Manager,Non-Travel,No,4,0,0,2,4335,14,0,3,1,2,3,1,3,3,2,Yes
EMP-0294,40,Female,Single,Master,Medical,Sales,Sales Representative,Travel_Rarely,No,2,2,2,1,3424,13,1,3,2,3,3,2,2,3,5,No
EMP-0295,29,Male,Married,Bachelor,Marketing,Operations,Logistics Coordinator,Travel_Rarely,No,2,1,2,1,3295,18,1,3,4,4,3,2,4,5,4,No
EMP-0296,40,Male,Divorced,PhD,Medical,Marketing,Marketing Manager,Travel_Rarely,No,3,3,3,4,6842,18,0,3,3,3,4,4,3,1,3,No
EMP-0297,26,Female,Married,Bachelor,Life Sciences,Sales,Sales Manager,Travel_Rarely,Yes,1,1,0,2,3434,13,1,3,1,3,3,3,3,2,1,Yes
EMP-0298,43,Male,Married,Master,Technical Degree,Sales,Sales Representative,Travel_Rarely,No,14,0,12,3,5742,15,0,3,3,4,3,4,2,3,2,No
EMP-0299,44,Male,Married,Bachelor,Human Resources,Engineering,Data Analyst,Travel_Rarely,No,20,6,2,3,8247,13,0,3,1,4,4,4,3,0,1,No
EMP-0300,34,Male,Single,Master,Marketing,Engineering,Data Analyst,Travel_Rarely,No,2,2,0,1,5551,18,2,4,4,3,4,4,3,3,25,No
EMP-0301,22,Female,Married,High School,Human Resources,Sales,Sales Representative,Travel_Rarely,No,4,4,1,3,2968,19,1,4,2,3,3,3,3,2,6,No
EMP-0302,38,Female,Single,Bachelor,Technical Degree,Sales,Sales Manager,Travel_Frequently,No,2,1,0,2,3865,12,1,3,1,1,4,3,3,6,6,Yes
EMP-0303,30,Female,Married,Bachelor,Technical Degree,Engineering,Data Analyst,Travel_Rarely,No,2,0,0,4,5198,19,0,3,3,3,4,2,3,3,4,No
EMP-0304,27,Male,Single,Bachelor,Other,Finance,Accountant,Travel_Rarely,No,2,1,2,2,4433,20,1,4,4,2,3,3,3,2,14,No
EMP-0305,50,Female,Divorced,Bachelor,Life Sciences,Marketing,Content Specialist,Travel_Rarely,Yes,7,0,3,3,4466,13,1,3,4,3,3,3,4,2,1,No
EMP-0306,22,Male,Married,Bachelor,Medical,Engineering,Tech Lead,Travel_Rarely,No,2,2,1,2,6335,20,0,3,1,3,2,1,3,2,6,Yes
EMP-0307,42,Male,Married,Master,Medical,Marketing,Content Specialist,Travel_Rarely,Yes,12,3,5,5,6283,19,2,4,2,2,3,1,4,5,1,Yes
EMP-0308,35,Female,Married,Bachelor,Technical Degree,Marketing,Marketing Manager,Non-Travel,No,2,1,2,6,4190,18,3,4,1,2,4,1,3,3,13,No
EMP-0309,30,Male,Single,Bachelor,Technical Degree,Engineering,Data Analyst,Travel_Frequently,No,0,0,0,3,4684,17,3,3,4,3,1,4,3,5,15,No
EMP-0310,49,Female,Married,Bachelor,Human Resources,Engineering,Tech Lead,Travel_Rarely,No,5,5,0,3,7441,21,2,3,3,2,3,3,3,3,7,No
EMP-0311,28,Female,Single,Bachelor,Other,Sales,Sales Executive,Non-Travel,Yes,10,0,1,4,4017,12,2,2,4,3,4,4,3,4,7,No
EMP-0312,34,Female,Single,Master,Marketing,Finance,Finance Manager,Travel_Rarely,Yes,12,7,0,1,9228,22,0,3,4,4,3,3,3,2,3,Yes
EMP-0313,27,Male,Married,Master,Medical,Engineering,Software Engineer,Travel_Rarely,No,6,1,5,1,7370,24,1,3,2,3,2,3,3,3,3,No
EMP-0314,24,Female,Divorced,Master,Life Sciences,Sales,Sales Representative,Non-Travel,No,3,3,1,1,3821,25,1,4,3,2,3,4,3,3,26,No
EMP-0315,49,Male,Married,High School,Other,Operations,Operations Analyst,Travel_Rarely,No,7,0,2,1,3015,19,3,4,3,3,3,3,4,1,2,No
EMP-0316,47,Female,Divorced,Bachelor,Life Sciences,Engineering,Tech Lead,Travel_Rarely,No,3,3,0,3,6425,11,0,3,1,3,3,4,3,2,12,No
EMP-0317,31,Male,Married,Bachelor,Marketing,Engineering,Data Analyst,Travel_Frequently,No,2,1,1,2,4653,20,1,4,1,3,3,3,3,2,9,No
EMP-0318,52,Male,Single,Master,Life Sciences,Operations,Logistics Coordinator,Non-Travel,No,24,2,0,1,7746,15,2,3,4,1,3,2,3,1,3,No
EMP-0319,38,Male,Married,Master,Life Sciences,Sales,Sales Representative,Travel_Rarely,Yes,6,3,1,1,4743,19,0,4,3,4,4,3,3,6,2,No
EMP-0320,29,Male,Single,Bachelor,Life Sciences,Operations,Operations Analyst,Travel_Rarely,Yes,7,3,3,2,3983,16,0,3,2,2,3,2,4,3,26,Yes
EMP-0321,35,Male,Married,High School,Other,Sales,Sales Executive,Non-Travel,No,6,3,4,1,3000,13,1,4,3,2,2,2,3,2,2,No
EMP-0322,39,Female,Married,Master,Marketing,Marketing,Content Specialist,Non-Travel,Yes,4,4,2,4,4183,22,1,2,3,1,3,3,3,2,5,No
EMP-0323,39,Female,Married,PhD,Technical Degree,Sales,Sales Executive,Non-Travel,No,17,1,1,2,6942,12,0,2,3,2,3,3,4,3,8,No
EMP-0324,33,Male,Married,Bachelor,Medical,Sales,Sales Executive,Travel_Rarely,No,7,0,5,1,3854,24,0,3,3,3,4,3,2,4,12,No
EMP-0325,30,Male,Divorced,Bachelor,Medical,HR,Payroll Specialist,Travel_Rarely,No,1,0,1,3,2948,11,0,3,3,3,4,2,2,3,16,No
EMP-0326,29,Female,Married,Bachelor,Marketing,Engineering,Senior Engineer,Travel_Rarely,No,11,5,10,2,6794,25,1,3,2,4,4,2,4,3,12,No
EMP-0327,30,Female,Married,Bachelor,Marketing,Engineering,Data Analyst,Non-Travel,No,3,3,3,2,5438,18,0,4,4,4,3,1,4,4,9,No
EMP-0328,37,Female,Single,Bachelor,Medical,Operations,Logistics Coordinator,Travel_Rarely,No,10,1,3,2,4013,13,1,3,2,3,2,4,1,3,9,No
EMP-0329,32,Male,Married,Bachelor,Other,Finance,Auditor,Travel_Rarely,No,4,0,1,1,4400,17,0,3,3,4,1,4,3,1,23,No
EMP-0330,44,Female,Married,High School,Marketing,HR,HR Manager,Non-Travel,No,0,0,0,2,2677,19,0,3,4,2,3,3,3,2,1,No
EMP-0331,41,Male,Married,Bachelor,Technical Degree,Sales,Sales Manager,Travel_Rarely,No,14,5,4,1,5462,11,0,3,4,4,3,4,3,3,2,No
EMP-0332,27,Male,Divorced,Bachelor,Human Resources,HR,HR Executive,Travel_Rarely,No,5,2,1,3,3378,16,0,3,3,4,4,2,4,1,27,No
EMP-0333,26,Male,Single,Master,Technical Degree,Sales,Sales Executive,Non-Travel,No,4,4,4,1,4103,11,0,1,3,3,4,3,3,4,6,Yes
EMP-0334,24,Female,Married,Bachelor,Marketing,Operations,Logistics Coordinator,Travel_Rarely,No,1,1,1,5,3120,22,0,3,3,3,3,3,4,2,1,No
EMP-0335,27,Male,Married,Bachelor,Medical,Engineering,Software Engineer,Non-Travel,No,0,0,0,3,4125,25,1,3,2,3,4,3,2,1,1,No
EMP-0336,43,Male,Divorced,High School,Marketing,Engineering,Senior Engineer,Non-Travel,No,1,1,1,1,3757,24,0,4,3,2,1,4,3,5,6,No
EMP-0337,24,Female,Divorced,Bachelor,Marketing,HR,Recruiter,Travel_Rarely,No,0,0,0,3,2556,11,1,3,4,4,4,3,2,3,5,Yes
EMP-0338,42,Female,Married,Bachelor,Life Sciences,Sales,Sales Representative,Travel_Rarely,Yes,5,3,4,2,3608,25,3,3,4,4,2,2,4,3,8,No
EMP-0339,27,Female,Married,Bachelor,Medical,HR,HR Executive,Travel_Rarely,No,6,0,1,2,3154,22,0,1,3,3,3,3,3,4,20,No
EMP-0340,37,Female,Single,Bachelor,Technical Degree,Sales,Sales Representative,Travel_Rarely,Yes,1,1,1,1,3082,12,0,3,3,4,4,1,4,4,1,No
EMP-0341,60,Female,Single,Master,Medical,Engineering,Data Analyst,Travel_Frequently,No,6,3,1,1,7286,22,0,3,4,3,3,3,3,2,6,No
EMP-0342,26,Male,Married,Master,Marketing,Finance,Auditor,Travel_Rarely,No,8,5,7,3,5873,19,2,3,1,2,4,1,3,3,17,No
EMP-0343,36,Male,Married,Master,Life Sciences,HR,HR Executive,Non-Travel,Yes,0,0,0,2,3495,16,0,3,4,2,2,2,3,5,4,Yes
EMP-0344,46,Male,Married,Master,Life Sciences,Customer Support,Customer Success Manager,Non-Travel,No,5,5,0,1,4563,16,0,3,4,4,3,3,3,3,14,No
EMP-0345,22,Male,Single,PhD,Medical,Engineering,Data Analyst,Non-Travel,Yes,1,1,1,1,6608,22,0,3,4,3,4,3,3,3,5,Yes
EMP-0346,42,Female,Married,Bachelor,Marketing,Sales,Sales Executive,Non-Travel,No,8,3,4,1,3487,12,1,4,3,4,2,3,3,1,9,No
EMP-0347,35,Male,Married,High School,Other,Engineering,Senior Engineer,Non-Travel,Yes,11,4,3,1,5801,24,0,3,3,2,1,3,3,3,7,No
EMP-0348,36,Female,Married,PhD,Medical,Sales,Sales Executive,Non-Travel,No,10,4,6,1,5878,22,1,1,2,4,3,3,3,4,8,No
EMP-0349,30,Female,Single,Bachelor,Other,Sales,Sales Representative,Non-Travel,No,1,1,1,7,2896,19,0,3,4,1,2,3,3,2,11,No
EMP-0350,41,Female,Single,Bachelor,Human Resources,Sales,Sales Manager,Non-Travel,No,2,0,1,1,3872,15,0,2,1,2,4,3,3,1,21,Yes
EMP-0351,24,Female,Married,Master,Medical,Finance,Accountant,Non-Travel,No,0,0,0,4,4525,18,0,3,1,4,3,3,3,6,25,Yes
EMP-0352,37,Male,Married,Bachelor,Other,Finance,Finance Analyst,Non-Travel,No,7,1,1,2,4956,23,1,4,1,4,3,3,4,1,2,No
EMP-0353,46,Male,Divorced,Master,Other,Marketing,Content Specialist,Travel_Rarely,No,10,4,0,1,5452,14,3,4,4,3,2,3,2,3,5,No
EMP-0354,41,Male,Married,High School,Medical,Marketing,Marketing Analyst,Travel_Rarely,Yes,0,0,0,3,2810,20,1,3,1,1,4,3,4,2,3,Yes
EMP-0355,43,Female,Divorced,High School,Technical Degree,Engineering,Software Engineer,Non-Travel,No,25,5,7,2,7030,13,0,4,3,1,2,3,3,4,29,No
EMP-0356,34,Male,Married,Bachelor,Human Resources,Engineering,Software Engineer,Travel_Rarely,No,2,2,2,3,4773,25,0,4,3,3,3,4,3,2,1,No
EMP-0357,36,Male,Married,Master,Life Sciences,Sales,Sales Manager,Travel_Rarely,No,10,2,1,2,6706,12,1,3,4,3,1,2,3,2,8,No
EMP-0358,35,Male,Married,Bachelor,Technical Degree,Sales,Sales Executive,Travel_Rarely,No,10,0,7,5,4304,12,1,3,1,3,1,3,3,2,12,No
EMP-0359,52,Male,Single,Master,Marketing,Sales,Sales Manager,Non-Travel,No,3,0,3,4,5601,15,1,3,3,4,1,4,3,2,29,No
EMP-0360,32,Female,Married,Master,Human Resources,Finance,Finance Analyst,Non-Travel,No,7,4,5,1,6024,19,0,3,2,4,3,3,4,3,10,No
EMP-0361,27,Female,Married,Bachelor,Life Sciences,Finance,Auditor,Travel_Rarely,Yes,9,0,2,4,5308,23,3,3,3,4,4,2,3,4,8,No
EMP-0362,50,Male,Single,Bachelor,Medical,Marketing,Marketing Analyst,Travel_Rarely,No,1,1,1,3,3513,15,0,4,3,4,4,3,4,2,8,No
EMP-0363,44,Male,Married,Bachelor,Medical,Engineering,Senior Engineer,Travel_Rarely,No,11,9,3,2,6574,15,1,4,3,4,2,2,1,4,2,No
EMP-0364,41,Male,Married,High School,Life Sciences,Sales,Sales Representative,Non-Travel,Yes,17,2,3,1,3623,14,1,4,4,3,4,3,4,4,4,No
EMP-0365,38,Female,Single,PhD,Human Resources,Sales,Sales Representative,Travel_Frequently,Yes,14,6,4,3,6634,17,0,2,4,3,3,3,3,2,3,Yes
EMP-0366,30,Male,Married,Master,Life Sciences,Customer Support,Support Lead,Travel_Rarely,No,11,11,0,5,5430,21,2,3,3,3,4,4,4,2,1,No
EMP-0367,35,Male,Married,Master,Life Sciences,Customer Support,Customer Success Manager,Travel_Rarely,Yes,0,0,0,2,3640,23,0,3,3,4,3,4,2,4,1,No
EMP-0368,30,Male,Single,PhD,Medical,Engineering,Tech Lead,Travel_Frequently,Yes,12,4,12,3,12050,22,1,3,3,4,3,3,3,1,2,No
EMP-0369,33,Female,Married,Master,Life Sciences,Customer Support,Support Lead,Travel_Rarely,No,3,3,0,2,4230,20,1,3,3,4,4,3,1,1,17,No
EMP-0370,31,Male,Single,Bachelor,Human Resources,Sales,Sales Manager,Non-Travel,No,1,0,1,3,3846,18,1,4,4,4,4,3,4,2,6,No
EMP-0371,40,Female,Married,Bachelor,Technical Degree,Marketing,Marketing Manager,Travel_Rarely,No,2,2,0,3,4419,12,1,4,3,1,1,3,3,2,5,No
EMP-0372,27,Male,Single,Bachelor,Marketing,Operations,Operations Analyst,Travel_Frequently,Yes,9,2,4,7,3703,14,0,3,1,3,4,4,4,3,6,Yes
EMP-0373,36,Male,Married,Bachelor,Medical,Operations,Operations Manager,Non-Travel,Yes,4,4,1,3,4602,14,1,4,3,2,2,3,1,6,1,No
EMP-0374,52,Male,Divorced,Bachelor,Marketing,Finance,Auditor,Travel_Rarely,Yes,1,1,0,4,3993,18,0,3,3,3,1,3,2,5,4,No
EMP-0375,28,Female,Single,Master,Life Sciences,Marketing,Content Specialist,Travel_Rarely,No,5,0,1,1,5112,24,2,3,3,4,3,3,3,3,3,No
EMP-0376,40,Male,Divorced,Bachelor,Life Sciences,Engineering,Data Analyst,Travel_Rarely,No,18,10,3,1,8200,18,0,3,3,3,4,2,4,5,4,No
EMP-0377,38,Female,Married,Bachelor,Other,Marketing,Marketing Manager,Travel_Rarely,Yes,13,4,0,2,6796,18,0,2,2,3,2,3,2,4,2,No
EMP-0378,29,Male,Single,Master,Medical,Finance,Auditor,Non-Travel,No,2,0,2,3,5087,25,1,3,2,3,3,4,3,3,3,No
EMP-0379,36,Male,Divorced,Bachelor,Life Sciences,Engineering,Software Engineer,Non-Travel,No,17,0,1,1,8177,23,1,3,3,3,4,4,2,1,5,No
EMP-0380,28,Female,Married,Bachelor,Life Sciences,Customer Support,Customer Success Manager,Travel_Frequently,No,4,4,0,5,3856,15,0,3,3,4,3,2,1,3,1,Yes
EMP-0381,38,Male,Divorced,Bachelor,Medical,Customer Support,Support Lead,Travel_Frequently,Yes,6,6,2,1,3508,18,0,4,2,4,3,3,3,1,7,No
EMP-0382,22,Male,Married,High School,Marketing,Engineering,Senior Engineer,Travel_Rarely,No,4,4,0,1,4391,17,0,3,3,3,4,4,3,3,2,No
EMP-0383,39,Female,Married,Master,Technical Degree,Engineering,Senior Engineer,Travel_Rarely,Yes,2,0,1,3,6406,14,0,3,1,4,3,4,3,2,2,No
EMP-0384,28,Male,Single,Bachelor,Technical Degree,Finance,Finance Analyst,Travel_Rarely,No,7,2,7,1,4396,13,0,3,2,1,3,2,3,2,15,Yes
EMP-0385,50,Male,Married,Master,Other,Operations,Operations Manager,Travel_Frequently,No,1,1,0,5,4722,17,0,4,4,2,1,4,3,3,16,Yes
EMP-0386,38,Male,Divorced,Master,Other,Sales,Sales Representative,Travel_Rarely,No,20,6,5,1,6883,12,0,3,4,3,3,3,3,2,1,No
EMP-0387,45,Female,Single,Bachelor,Other,Sales,Sales Executive,Non-Travel,No,6,6,1,1,3432,24,1,4,3,1,4,2,3,1,2,No
EMP-0388,46,Female,Single,Master,Medical,HR,HR Executive,Travel_Frequently,No,2,2,2,1,3810,21,3,3,1,4,3,3,3,3,1,Yes
EMP-0389,27,Male,Married,High School,Life Sciences,Engineering,Data Analyst,Travel_Rarely,Yes,9,1,2,2,5463,11,0,4,3,3,3,4,3,3,12,No
EMP-0390,39,Male,Married,Master,Other,Engineering,Senior Engineer,Travel_Rarely,No,6,6,6,1,6287,22,2,3,2,2,3,4,4,3,2,No
EMP-0391,28,Male,Married,Master,Life Sciences,Operations,Logistics Coordinator,Non-Travel,Yes,3,3,3,3,3808,11,2,3,1,3,4,3,3,1,1,No
EMP-0392,52,Male,Single,High School,Technical Degree,Sales,Sales Representative,Non-Travel,No,2,1,2,2,2461,23,2,3,4,4,4,3,3,4,6,No
EMP-0393,44,Female,Divorced,Bachelor,Technical Degree,Sales,Sales Executive,Travel_Rarely,No,3,0,0,4,3406,12,0,4,3,4,2,3,3,2,15,No
EMP-0394,22,Male,Divorced,Bachelor,Other,Marketing,Content Specialist,Non-Travel,No,4,3,4,2,3954,18,0,4,2,2,4,3,1,4,14,Yes
EMP-0395,38,Male,Married,Master,Medical,Engineering,Data Analyst,Travel_Rarely,No,4,0,4,1,6648,25,0,3,3,4,4,4,3,3,12,No
EMP-0396,28,Female,Married,High School,Marketing,Marketing,Content Specialist,Travel_Rarely,No,0,0,0,1,2756,22,2,3,1,4,2,3,4,6,3,No
EMP-0397,36,Female,Single,Bachelor,Marketing,Engineering,Tech Lead,Non-Travel,No,2,0,0,2,6462,21,2,4,3,3,2,3,3,3,2,No
EMP-0398,41,Female,Married,High School,Human Resources,Engineering,Senior Engineer,Travel_Rarely,No,6,1,6,3,5033,13,0,2,4,2,1,3,3,4,3,No
EMP-0399,23,Female,Divorced,Bachelor,Technical Degree,Finance,Finance Manager,Non-Travel,Yes,5,0,1,4,6440,22,1,3,3,3,1,3,2,2,1,No
EMP-0400,22,Male,Married,Master,Other,Operations,Logistics Coordinator,Travel_Frequently,Yes,4,3,3,1,4184,12,1,3,3,4,3,2,3,4,4,Yes
EMP-0401,41,Male,Single,Master,Technical Degree,Operations,Operations Manager,Non-Travel,No,23,2,5,1,8899,14,1,3,3,3,3,3,3,2,1,No
EMP-0402,28,Female,Single,Bachelor,Medical,Engineering,Data Analyst,Non-Travel,No,6,6,4,1,5417,25,0,2,3,4,2,2,3,4,7,No
EMP-0403,47,Male,Single,Bachelor,Marketing,Finance,Auditor,Non-Travel,No,11,2,1,1,5313,24,2,4,3,3,4,2,3,1,4,No
EMP-0404,33,Male,Divorced,Bachelor,Life Sciences,Operations,Operations Manager,Travel_Rarely,No,7,3,0,1,4494,18,1,3,4,4,3,3,3,4,15,No
EMP-0405,36,Male,Married,Master,Human Resources,Engineering,Tech Lead,Non-Travel,No,1,1,1,3,7179,19,2,3,4,4,4,3,4,4,19,No
EMP-0406,32,Female,Married,High School,Human Resources,Finance,Finance Analyst,Travel_Rarely,No,14,7,4,4,4966,15,0,3,4,3,1,3,3,5,11,No
EMP-0407,34,Male,Married,Master,Human Resources,Operations,Logistics Coordinator,Travel_Rarely,No,12,2,7,3,5734,25,1,4,3,2,1,3,3,1,5,No
EMP-0408,39,Male,Single,PhD,Other,Sales,Sales Executive,Travel_Rarely,No,5,1,3,1,4649,23,0,1,1,3,3,3,3,2,1,No
EMP-0409,50,Male,Married,Bachelor,Human Resources,Marketing,Content Specialist,Non-Travel,Yes,2,2,2,3,3794,25,1,3,3,3,3,2,4,2,1,No
EMP-0410,30,Male,Married,Bachelor,Life Sciences,Finance,Finance Manager,Travel_Rarely,No,6,3,4,2,6275,11,2,3,3,2,2,4,4,3,2,No
EMP-0411,41,Male,Single,PhD,Technical Degree,Finance,Finance Manager,Non-Travel,No,3,0,0,3,7851,12,0,4,4,2,4,2,2,3,1,No
EMP-0412,22,Male,Single,Bachelor,Technical Degree,Operations,Logistics Coordinator,Travel_Rarely,No,0,0,0,1,2623,15,0,4,4,3,4,3,3,3,16,No
EMP-0413,41,Female,Single,High School,Technical Degree,Engineering,Senior Engineer,Non-Travel,Yes,18,1,0,1,6676,19,2,3,3,3,3,2,4,3,4,No
EMP-0414,33,Male,Married,Master,Human Resources,Engineering,Software Engineer,Non-Travel,No,0,0,0,2,5724,15,3,3,1,3,4,3,3,0,4,No
EMP-0415,37,Female,Single,Master,Medical,Sales,Sales Representative,Travel_Rarely,No,2,2,1,3,3724,24,1,3,4,3,2,2,4,2,16,No
EMP-0416,40,Male,Single,Bachelor,Life Sciences,Finance,Finance Manager,Travel_Frequently,No,11,0,1,2,7042,20,1,4,3,2,4,1,4,3,3,No
EMP-0417,43,Female,Divorced,PhD,Life Sciences,Sales,Sales Manager,Travel_Rarely,No,0,0,0,2,4920,11,3,3,2,3,3,3,1,4,7,No
EMP-0418,30,Male,Married,High School,Human Resources,Engineering,Data Analyst,Travel_Frequently,Yes,11,4,0,1,5354,11,0,3,4,4,2,3,2,3,4,Yes
EMP-0419,33,Female,Single,Bachelor,Technical Degree,Operations,Operations Manager,Travel_Rarely,Yes,0,0,0,2,4061,19,0,3,4,4,4,3,3,3,20,Yes
EMP-0420,38,Female,Single,Master,Medical,Sales,Sales Manager,Travel_Frequently,Yes,2,0,2,4,4812,20,0,3,3,2,1,1,4,3,1,Yes
EMP-0421,29,Male,Divorced,Bachelor,Technical Degree,Operations,Logistics Coordinator,Travel_Rarely,No,7,0,0,5,3769,12,2,4,4,3,3,2,2,3,18,No
EMP-0422,48,Male,Married,Bachelor,Human Resources,Finance,Accountant,Non-Travel,No,2,1,2,2,4156,22,0,2,3,3,4,3,3,4,17,No
EMP-0423,45,Female,Married,Bachelor,Other,Engineering,Tech Lead,Non-Travel,No,5,4,0,1,7567,16,1,4,4,3,2,2,4,4,29,No
EMP-0424,41,Female,Divorced,Master,Human Resources,Customer Support,Customer Success Manager,Travel_Rarely,No,2,0,2,2,3896,14,1,3,3,4,1,2,1,2,29,No
EMP-0425,45,Female,Single,Bachelor,Technical Degree,Marketing,Marketing Manager,Travel_Frequently,No,2,2,2,4,4734,11,0,2,1,2,3,2,3,4,2,Yes
EMP-0426,41,Female,Single,Bachelor,Human Resources,Sales,Sales Manager,Non-Travel,Yes,8,0,3,2,4450,14,1,3,1,4,2,3,4,2,8,Yes
EMP-0427,29,Female,Divorced,PhD,Human Resources,Engineering,Senior Engineer,Travel_Frequently,Yes,4,4,1,1,6935,25,0,3,4,4,2,3,3,3,2,Yes
EMP-0428,48,Female,Married,Bachelor,Medical,Finance,Finance Manager,Non-Travel,No,0,0,0,2,5101,20,0,4,4,4,4,2,2,3,29,No
EMP-0429,51,Female,Married,Bachelor,Human Resources,Marketing,Content Specialist,Travel_Rarely,No,4,0,0,3,3447,11,0,3,3,3,3,3,4,3,11,No
EMP-0430,54,Male,Married,Bachelor,Technical Degree,Operations,Operations Manager,Travel_Frequently,No,2,2,2,6,3885,20,0,3,2,1,3,3,3,3,2,Yes
EMP-0431,47,Male,Married,Bachelor,Medical,Engineering,Data Analyst,Non-Travel,Yes,6,0,5,3,5172,12,0,4,2,3,3,1,3,2,1,Yes
EMP-0432,49,Male,Married,Master,Other,Engineering,Tech Lead,Non-Travel,No,12,7,4,1,11318,16,3,3,4,3,3,2,3,2,13,No
EMP-0433,28,Male,Divorced,Master,Medical,Operations,Logistics Coordinator,Non-Travel,No,2,0,2,4,3953,12,2,3,2,3,3,3,4,2,4,No
EMP-0434,49,Male,Single,Bachelor,Human Resources,Customer Support,Support Lead,Non-Travel,No,6,1,1,1,3556,22,2,3,3,3,3,3,3,3,1,No
EMP-0435,36,Male,Single,High School,Medical,Engineering,Software Engineer,Travel_Frequently,No,5,5,5,3,4500,19,0,3,3,3,4,4,3,2,10,No
EMP-0436,39,Female,Single,Bachelor,Medical,Finance,Auditor,Travel_Rarely,Yes,8,1,0,1,5094,20,0,3,3,2,1,4,3,2,10,Yes
EMP-0437,46,Male,Single,PhD,Technical Degree,HR,HR Manager,Non-Travel,No,14,2,5,2,7316,21,1,3,1,4,4,2,3,3,5,No
EMP-0438,44,Male,Single,Master,Technical Degree,Customer Support,Customer Success Manager,Non-Travel,Yes,6,5,0,2,4815,19,1,2,3,4,3,4,4,3,7,No
EMP-0439,29,Male,Married,Master,Marketing,Operations,Operations Manager,Travel_Frequently,No,0,0,0,2,5014,12,1,3,2,3,3,3,3,3,1,Yes
EMP-0440,37,Male,Married,Master,Marketing,Operations,Operations Analyst,Non-Travel,No,4,3,1,4,4398,18,2,4,4,3,4,2,3,4,4,No
EMP-0441,32,Male,Married,Bachelor,Life Sciences,Sales,Sales Executive,Travel_Rarely,No,1,1,1,2,2804,21,1,3,3,2,1,2,3,1,1,Yes
EMP-0442,56,Male,Married,PhD,Medical,Sales,Sales Representative,Non-Travel,Yes,10,3,1,4,6178,11,0,4,3,2,2,3,2,3,2,No
EMP-0443,38,Male,Married,Master,Medical,Sales,Sales Representative,Non-Travel,No,20,1,0,2,6499,11,0,3,3,3,2,3,3,3,29,No
EMP-0444,28,Male,Divorced,High School,Life Sciences,Engineering,Senior Engineer,Travel_Rarely,Yes,4,1,2,2,4336,17,0,3,2,4,4,4,2,2,9,No
EMP-0445,54,Female,Divorced,PhD,Technical Degree,Finance,Finance Manager,Non-Travel,Yes,0,0,0,3,7308,23,1,3,2,3,3,3,3,1,7,Yes
EMP-0446,29,Male,Divorced,Master,Technical Degree,Sales,Sales Executive,Non-Travel,No,3,1,0,1,4103,21,3,4,4,2,4,3,4,3,2,No
EMP-0447,37,Female,Married,Master,Life Sciences,Engineering,Tech Lead,Travel_Rarely,No,6,6,3,3,9186,24,0,3,3,2,3,4,3,3,21,No
EMP-0448,30,Male,Single,Bachelor,Technical Degree,Marketing,Content Specialist,Non-Travel,Yes,3,1,0,1,3652,20,2,2,4,3,4,3,3,2,1,No
EMP-0449,47,Female,Married,Master,Medical,Customer Support,Customer Success Manager,Travel_Rarely,Yes,0,0,0,4,4192,16,0,3,4,3,2,3,3,3,29,Yes
EMP-0450,39,Male,Divorced,Bachelor,Other,Sales,Sales Manager,Travel_Frequently,Yes,1,1,0,4,3771,13,0,3,3,4,2,3,3,3,14,Yes
EMP-0451,31,Male,Single,Bachelor,Other,Finance,Accountant,Travel_Frequently,No,0,0,0,1,3875,13,3,4,3,3,3,3,3,3,20,No
EMP-0452,44,Female,Married,Master,Marketing,Marketing,Marketing Manager,Non-Travel,No,3,0,2,1,6197,18,0,3,3,3,3,3,2,1,15,No
EMP-0453,22,Female,Divorced,Bachelor,Technical Degree,Sales,Sales Representative,Travel_Frequently,No,4,2,4,5,3316,16,1,3,3,3,3,3,1,5,2,No
EMP-0454,46,Female,Married,Master,Marketing,Engineering,Tech Lead,Travel_Rarely,No,6,2,0,1,9256,20,1,3,3,4,4,2,1,4,12,No
EMP-0455,23,Female,Single,PhD,Medical,Finance,Accountant,Travel_Rarely,No,5,0,2,1,6218,24,1,4,1,4,3,4,3,3,4,No
EMP-0456,38,Male,Married,Bachelor,Human Resources,Engineering,Data Analyst,Travel_Rarely,No,0,0,0,3,4505,13,1,3,4,4,1,3,3,2,1,No
EMP-0457,38,Male,Single,Bachelor,Technical Degree,Engineering,Tech Lead,Non-Travel,No,5,5,3,1,6455,13,3,3,3,4,2,3,3,2,1,No
EMP-0458,30,Male,Single,Master,Medical,Operations,Operations Analyst,Travel_Frequently,No,1,1,1,1,4106,16,1,3,3,4,2,2,3,2,16,Yes
EMP-0459,32,Male,Married,Bachelor,Life Sciences,Marketing,Marketing Analyst,Travel_Rarely,Yes,1,0,0,2,3653,22,1,3,4,3,3,4,3,3,10,No
EMP-0460,35,Female,Married,Master,Marketing,Marketing,Marketing Manager,Travel_Rarely,Yes,17,0,1,1,7869,13,1,3,3,2,3,3,3,4,9,No
EMP-0461,26,Male,Divorced,Master,Other,Engineering,Senior Engineer,Travel_Rarely,No,4,1,0,1,6000,22,1,1,3,4,3,3,4,5,28,No
EMP-0462,52,Male,Divorced,PhD,Technical Degree,HR,HR Executive,Travel_Frequently,No,6,3,1,2,4374,18,0,3,2,2,2,3,3,4,14,No
EMP-0463,41,Male,Married,Bachelor,Life Sciences,Engineering,Data Analyst,Travel_Rarely,Yes,4,4,0,2,5734,15,0,3,4,3,2,4,1,5,2,No
EMP-0464,54,Male,Married,Master,Life Sciences,Marketing,Content Specialist,Travel_Frequently,No,14,5,1,3,6613,16,3,3,4,3,2,3,4,1,3,No
EMP-0465,32,Female,Married,Master,Technical Degree,Marketing,Content Specialist,Non-Travel,Yes,6,5,6,1,5150,23,3,2,1,4,4,3,2,2,1,No
EMP-0466,51,Male,Divorced,Bachelor,Technical Degree,Sales,Sales Executive,Travel_Rarely,No,3,2,2,2,3246,17,0,3,4,3,3,2,3,3,4,No
EMP-0467,31,Female,Single,Bachelor,Marketing,Operations,Operations Manager,Travel_Rarely,No,7,1,2,3,4798,18,2,3,3,3,4,2,4,4,7,No
EMP-0468,26,Male,Married,Master,Medical,Marketing,Marketing Manager,Non-Travel,No,5,0,5,1,6058,25,1,4,3,1,4,2,3,2,13,No
EMP-0469,22,Male,Divorced,Bachelor,Technical Degree,Customer Support,Customer Success Manager,Travel_Rarely,No,4,2,4,3,3446,22,1,3,2,3,2,4,3,1,4,No
EMP-0470,40,Male,Single,Master,Human Resources,Operations,Logistics Coordinator,Travel_Rarely,No,6,2,1,1,4491,21,3,3,2,4,4,1,3,3,3,Yes
EMP-0471,42,Female,Single,Bachelor,Life Sciences,Customer Support,Support Lead,Travel_Frequently,Yes,1,1,0,3,3502,11,0,2,4,3,3,4,3,3,1,Yes
EMP-0472,38,Female,Divorced,Bachelor,Other,Marketing,Marketing Analyst,Travel_Rarely,Yes,0,0,0,6,2995,12,1,3,4,3,3,3,1,1,2,No
EMP-0473,31,Male,Single,Master,Human Resources,Engineering,Data Analyst,Travel_Rarely,No,2,2,2,2,5574,23,0,3,3,1,1,4,4,2,1,No
EMP-0474,30,Male,Married,Master,Human Resources,HR,Payroll Specialist,Travel_Rarely,Yes,5,0,1,2,4016,23,0,3,4,4,2,3,3,3,9,No
EMP-0475,36,Male,Single,Bachelor,Life Sciences,Sales,Sales Executive,Non-Travel,No,5,3,4,5,3179,24,0,4,2,4,3,2,1,5,20,Yes
EMP-0476,45,Female,Married,Bachelor,Marketing,Sales,Sales Manager,Travel_Rarely,No,2,0,0,3,4134,19,1,3,1,1,2,4,3,1,12,No
EMP-0477,29,Male,Married,Bachelor,Technical Degree,Marketing,Marketing Manager,Non-Travel,No,1,1,1,6,4006,20,1,4,3,4,2,2,3,2,10,No
EMP-0478,22,Male,Married,Bachelor,Technical Degree,Finance,Finance Manager,Travel_Frequently,Yes,4,2,0,2,5896,22,0,3,3,3,3,3,2,5,12,No
EMP-0479,32,Male,Divorced,PhD,Technical Degree,Engineering,Software Engineer,Travel_Rarely,Yes,2,0,2,5,7690,15,0,3,4,3,4,2,3,3,4,Yes
EMP-0480,24,Female,Married,Bachelor,Marketing,Sales,Sales Manager,Travel_Rarely,No,2,0,2,1,3787,20,0,3,4,3,3,2,3,4,14,No
EMP-0481,33,Female,Married,Bachelor,Human Resources,Engineering,Tech Lead,Travel_Rarely,No,13,5,5,3,8592,14,1,3,3,2,4,3,3,5,6,No
EMP-0482,43,Female,Married,Master,Life Sciences,Engineering,Tech Lead,Travel_Frequently,Yes,7,2,0,3,10206,18,1,2,3,3,3,4,4,3,3,No
EMP-0483,47,Male,Single,Master,Other,HR,HR Executive,Travel_Rarely,No,11,8,1,2,4906,11,0,3,4,3,4,4,4,3,10,No
EMP-0484,43,Female,Married,Bachelor,Marketing,Customer Support,Customer Success Manager,Travel_Rarely,No,2,2,0,1,3516,22,0,3,3,3,2,4,3,3,5,No
EMP-0485,33,Male,Single,Master,Technical Degree,Engineering,Senior Engineer,Travel_Rarely,No,1,1,1,2,5972,20,0,3,4,1,3,3,3,2,5,No
EMP-0486,46,Male,Married,Bachelor,Life Sciences,Sales,Sales Representative,Non-Travel,No,12,5,4,2,4307,16,0,4,3,4,1,3,3,3,4,No
EMP-0487,40,Male,Single,Bachelor,Technical Degree,HR,Recruiter,Travel_Rarely,No,0,0,0,1,2839,24,0,3,4,2,2,1,3,4,10,Yes
EMP-0488,42,Male,Married,Bachelor,Technical Degree,HR,Recruiter,Travel_Rarely,No,6,0,1,4,2908,12,0,3,4,3,4,4,3,1,7,No
EMP-0489,36,Male,Divorced,Master,Technical Degree,HR,HR Manager,Travel_Rarely,No,3,1,2,4,5188,22,2,3,3,4,2,2,3,2,2,No
EMP-0490,38,Male,Married,Master,Life Sciences,Engineering,Data Analyst,Travel_Rarely,Yes,0,0,0,3,5985,24,0,4,3,3,2,2,1,6,9,Yes
EMP-0491,26,Male,Married,Bachelor,Other,Sales,Sales Executive,Non-Travel,No,2,2,2,4,2930,17,0,3,3,3,3,2,3,2,1,Yes
EMP-0492,22,Female,Married,Bachelor,Marketing,Sales,Sales Executive,Travel_Frequently,Yes,1,1,0,1,3153,23,0,3,4,3,3,2,1,3,16,Yes
EMP-0493,30,Male,Married,Bachelor,Human Resources,Engineering,Tech Lead,Travel_Frequently,Yes,0,0,0,2,5864,24,0,3,2,3,4,3,3,4,3,Yes
EMP-0494,41,Female,Single,Bachelor,Other,Engineering,Data Analyst,Non-Travel,No,3,2,3,1,5538,20,0,3,4,4,4,3,3,2,2,No
EMP-0495,36,Male,Single,Bachelor,Medical,HR,HR Executive,Travel_Frequently,Yes,11,1,2,4,3952,17,1,4,2,4,3,3,3,1,5,Yes
EMP-0496,32,Male,Single,High School,Human Resources,Engineering,Tech Lead,Travel_Rarely,No,14,1,14,5,8077,19,0,4,3,3,3,3,3,4,3,No
EMP-0497,42,Female,Divorced,PhD,Marketing,Engineering,Software Engineer,Non-Travel,No,2,2,0,1,6671,16,0,3,2,4,3,1,3,3,1,No
EMP-0498,32,Male,Divorced,Master,Marketing,HR,HR Manager,Travel_Rarely,Yes,1,1,1,4,4244,25,1,3,3,2,3,1,3,4,1,Yes
EMP-0499,27,Male,Married,Master,Human Resources,Marketing,Content Specialist,Travel_Frequently,Yes,2,0,2,1,3995,16,3,3,3,4,4,2,3,4,1,Yes
EMP-0500,27,Female,Married,Bachelor,Human Resources,Sales,Sales Executive,Travel_Rarely,No,9,0,6,1,4154,14,3,1,2,2,3,3,2,1,2,No
EMP-0501,35,Male,Married,Master,Life Sciences,Sales,Sales Representative,Travel_Rarely,Yes,13,0,2,6,5095,20,0,4,4,3,1,2,2,1,4,No
EMP-0502,38,Male,Single,Master,Other,Customer Support,Support Executive,Non-Travel,No,3,2,0,2,3362,19,0,4,4,3,3,2,3,2,14,No
EMP-0503,44,Male,Single,Master,Medical,HR,HR Executive,Non-Travel,Yes,1,1,0,2,3227,24,1,3,3,2,4,3,3,4,28,No
EMP-0504,48,Male,Married,Master,Life Sciences,Engineering,Tech Lead,Travel_Frequently,Yes,21,1,0,1,14659,21,1,2,2,3,3,2,3,4,1,Yes
EMP-0505,33,Female,Married,Master,Marketing,Operations,Operations Manager,Travel_Rarely,Yes,15,1,5,2,7006,22,1,1,4,2,3,3,3,4,25,Yes
EMP-0506,39,Male,Single,Bachelor,Medical,Finance,Accountant,Travel_Rarely,No,17,6,3,1,6173,14,0,3,3,3,4,3,4,3,3,No
EMP-0507,24,Male,Married,Master,Technical Degree,HR,HR Manager,Travel_Rarely,No,1,1,1,1,4127,13,0,3,1,3,2,4,3,3,2,No
EMP-0508,48,Male,Divorced,Bachelor,Human Resources,Engineering,Senior Engineer,Travel_Frequently,Yes,2,2,2,3,4829,25,0,4,1,2,4,3,3,0,14,Yes
EMP-0509,34,Male,Single,Master,Medical,Finance,Finance Analyst,Travel_Rarely,Yes,8,0,4,1,6407,21,0,2,3,4,2,2,3,4,2,No
EMP-0510,44,Male,Single,Bachelor,Other,Engineering,Software Engineer,Travel_Rarely,No,3,0,0,1,5454,18,1,1,4,3,4,3,4,5,1,No
EMP-0511,27,Male,Married,PhD,Medical,Sales,Sales Executive,Travel_Rarely,Yes,2,2,0,3,4721,20,0,3,4,4,3,1,3,3,7,Yes
EMP-0512,36,Female,Single,Bachelor,Life Sciences,Sales,Sales Manager,Travel_Rarely,No,5,0,0,4,4762,13,0,3,2,2,2,2,1,5,12,No
EMP-0513,45,Female,Divorced,Master,Human Resources,Engineering,Software Engineer,Travel_Rarely,Yes,0,0,0,3,5447,16,0,2,3,4,4,4,3,2,29,Yes
EMP-0514,39,Male,Married,Master,Life Sciences,Marketing,Marketing Manager,Travel_Rarely,Yes,4,2,1,5,6452,20,3,4,3,4,1,2,3,1,4,Yes
EMP-0515,49,Female,Divorced,Master,Medical,Sales,Sales Representative,Travel_Rarely,No,11,5,2,1,4941,25,0,3,3,4,3,2,3,3,10,No
EMP-0516,43,Male,Divorced,Master,Life Sciences,Marketing,Marketing Analyst,Travel_Rarely,No,4,4,1,3,4365,18,1,2,1,4,3,4,4,4,3,No
EMP-0517,35,Male,Single,Bachelor,Life Sciences,Engineering,Software Engineer,Travel_Rarely,No,1,1,1,5,4448,18,0,4,4,4,3,4,4,6,5,No
EMP-0518,51,Male,Divorced,Bachelor,Human Resources,Engineering,Senior Engineer,Travel_Rarely,No,0,0,0,1,4929,14,2,3,2,4,3,3,3,4,2,Yes
EMP-0519,45,Male,Single,Master,Life Sciences,Operations,Operations Manager,Travel_Frequently,No,5,0,5,5,5822,25,0,3,3,3,4,2,3,1,1,No
EMP-0520,41,Male,Single,PhD,Technical Degree,Engineering,Software Engineer,Travel_Rarely,Yes,15,0,1,4,10105,22,0,3,3,4,2,2,3,6,18,No
EMP-0521,37,Male,Divorced,Bachelor,Life Sciences,Operations,Operations Manager,Travel_Rarely,Yes,13,0,2,2,5885,18,1,3,1,1,3,2,3,4,1,Yes
EMP-0522,35,Female,Single,Bachelor,Marketing,Operations,Operations Analyst,Travel_Rarely,No,1,0,1,7,2870,11,2,3,3,2,3,3,3,2,1,Yes
EMP-0523,31,Male,Divorced,Bachelor,Other,Sales,Sales Representative,Travel_Frequently,No,2,2,2,2,3094,25,0,3,3,2,3,2,4,1,29,Yes
EMP-0524,40,Female,Married,Master,Other,Sales,Sales Manager,Travel_Frequently,Yes,9,7,5,2,6340,25,3,3,4,3,3,2,3,2,8,No
EMP-0525,60,Male,Married,Master,Human Resources,Sales,Sales Manager,Non-Travel,No,2,2,0,2,4851,24,1,4,3,3,4,3,4,2,9,No
EMP-0526,26,Male,Married,Bachelor,Other,Finance,Finance Manager,Travel_Rarely,No,4,0,3,4,6002,20,0,3,4,4,4,4,2,3,1,No
EMP-0527,22,Male,Married,Bachelor,Human Resources,Marketing,Content Specialist,Travel_Rarely,No,4,0,3,2,4062,22,1,3,4,3,2,4,4,2,6,No
EMP-0528,34,Male,Married,Bachelor,Medical,Finance,Auditor,Non-Travel,No,6,0,2,1,4340,11,2,3,4,4,3,1,4,1,16,No
EMP-0529,30,Male,Single,PhD,Technical Degree,HR,Recruiter,Travel_Frequently,Yes,4,4,0,1,3967,13,3,3,4,4,3,2,3,6,1,Yes
EMP-0530,31,Female,Married,Bachelor,Life Sciences,Engineering,Software Engineer,Travel_Rarely,No,12,0,0,3,6047,20,1,3,2,3,4,2,2,3,5,Yes
EMP-0531,52,Male,Single,High School,Other,Marketing,Marketing Analyst,Travel_Rarely,No,2,1,0,1,3094,22,2,3,2,4,3,3,3,4,29,No
EMP-0532,53,Female,Divorced,Master,Human Resources,Engineering,Senior Engineer,Non-Travel,No,24,6,3,3,10985,14,0,2,2,2,2,1,4,5,12,No
EMP-0533,28,Female,Married,High School,Other,Engineering,Data Analyst,Travel_Frequently,No,10,0,2,3,5187,12,0,3,2,2,4,3,3,4,17,Yes
EMP-0534,26,Male,Single,Bachelor,Other,Customer Support,Customer Success Manager,Non-Travel,No,5,2,0,1,4091,13,0,3,3,4,2,3,4,0,4,No
EMP-0535,30,Male,Married,PhD,Marketing,Sales,Sales Manager,Travel_Rarely,No,8,8,3,1,7338,21,3,4,3,4,4,2,3,4,4,No
EMP-0536,38,Male,Married,Master,Other,Operations,Logistics Coordinator,Travel_Frequently,No,14,3,9,1,5439,20,0,3,4,3,3,3,3,2,2,No
EMP-0537,38,Male,Married,Bachelor,Human Resources,Sales,Sales Representative,Travel_Rarely,No,7,1,0,2,3667,20,0,3,1,2,3,3,3,1,1,No
EMP-0538,39,Female,Married,Master,Medical,Sales,Sales Manager,Travel_Rarely,No,2,1,0,2,4622,24,2,3,3,3,3,2,3,3,13,No
EMP-0539,52,Female,Single,Bachelor,Marketing,Operations,Operations Manager,Non-Travel,No,0,0,0,2,3798,11,0,2,2,2,3,3,3,2,22,Yes
EMP-0540,22,Female,Single,Bachelor,Technical Degree,Finance,Finance Analyst,Travel_Rarely,No,3,3,0,6,4113,16,0,3,1,3,4,3,3,2,10,No
EMP-0541,42,Male,Married,Master,Technical Degree,HR,HR Executive,Travel_Rarely,No,9,0,1,3,4612,23,1,4,4,2,2,4,2,6,29,No
EMP-0542,31,Female,Divorced,Bachelor,Human Resources,Sales,Sales Representative,Travel_Frequently,No,3,3,2,3,3027,23,0,3,4,2,4,1,3,3,12,Yes
EMP-0543,51,Male,Married,Bachelor,Medical,Sales,Sales Manager,Travel_Frequently,No,4,4,1,1,4053,15,1,3,3,2,3,3,3,6,5,No
EMP-0544,23,Female,Married,Bachelor,Medical,Engineering,Tech Lead,Travel_Rarely,Yes,1,1,1,1,6185,12,0,2,4,1,1,2,4,2,19,Yes
EMP-0545,39,Female,Married,Bachelor,Technical Degree,HR,Recruiter,Travel_Frequently,Yes,7,1,4,2,3455,12,0,3,4,3,3,3,3,3,9,No
EMP-0546,27,Female,Married,Bachelor,Life Sciences,Customer Support,Customer Success Manager,Non-Travel,No,0,0,0,4,3305,17,0,3,1,3,3,2,4,1,17,Yes
EMP-0547,23,Male,Married,Bachelor,Life Sciences,HR,HR Executive,Travel_Rarely,No,3,3,3,1,2900,20,3,3,3,3,3,3,3,3,1,No
EMP-0548,22,Male,Single,Bachelor,Human Resources,Sales,Sales Executive,Non-Travel,No,4,1,4,3,3554,22,0,3,3,2,4,4,3,2,6,No
EMP-0549,34,Male,Married,Bachelor,Other,Finance,Finance Analyst,Travel_Rarely,No,13,1,0,1,6099,20,0,3,2,3,2,3,3,5,5,Yes
EMP-0550,22,Male,Married,Master,Life Sciences,Customer Support,Support Executive,Travel_Frequently,No,1,0,1,4,3364,18,0,3,2,2,4,3,4,4,5,Yes
EMP-0551,28,Female,Married,Bachelor,Technical Degree,Sales,Sales Manager,Travel_Frequently,Yes,1,0,0,2,3865,23,3,3,3,1,3,3,4,4,5,Yes
EMP-0552,45,Male,Divorced,Master,Medical,Sales,Sales Representative,Travel_Frequently,No,0,0,0,4,3422,13,3,3,3,2,4,4,3,4,19,No
EMP-0553,34,Female,Divorced,Master,Technical Degree,Customer Support,Customer Success Manager,Travel_Frequently,Yes,6,6,6,2,5279,19,1,4,3,3,3,4,3,2,1,No
EMP-0554,43,Male,Single,Master,Marketing,Sales,Sales Manager,Travel_Frequently,No,6,0,1,2,5730,15,2,3,3,2,4,3,3,2,1,Yes
EMP-0555,35,Female,Married,Bachelor,Technical Degree,Sales,Sales Manager,Travel_Rarely,No,5,0,1,1,4775,13,0,1,2,3,3,4,3,4,26,No
EMP-0556,26,Male,Single,PhD,Marketing,Customer Support,Support Executive,Travel_Rarely,No,2,2,2,1,3991,15,1,4,3,3,4,2,3,2,26,No
EMP-0557,37,Female,Married,Bachelor,Medical,Engineering,Senior Engineer,Non-Travel,No,0,0,0,4,4529,18,1,3,4,3,2,3,4,1,4,No
EMP-0558,42,Male,Divorced,Bachelor,Technical Degree,Marketing,Marketing Manager,Travel_Rarely,No,1,1,1,2,4364,16,1,1,4,1,2,4,3,3,10,No
EMP-0559,39,Female,Married,Bachelor,Technical Degree,Operations,Operations Analyst,Travel_Rarely,No,6,1,5,1,3485,23,1,3,4,1,3,4,2,3,5,No
EMP-0560,37,Female,Married,Master,Other,Operations,Operations Analyst,Travel_Rarely,No,10,1,6,3,4795,21,3,3,4,2,4,3,2,3,6,No
EMP-0561,38,Male,Divorced,High School,Human Resources,Finance,Finance Manager,Travel_Rarely,Yes,4,4,3,2,5229,13,0,2,1,3,3,4,3,3,7,No
EMP-0562,56,Female,Single,Master,Technical Degree,Engineering,Data Analyst,Non-Travel,Yes,8,1,0,3,8118,12,1,3,2,3,3,2,3,2,28,Yes
EMP-0563,30,Female,Married,Bachelor,Technical Degree,Engineering,Data Analyst,Non-Travel,No,12,10,2,3,6974,24,0,2,3,3,1,3,3,3,1,No
EMP-0564,25,Male,Married,PhD,Marketing,Operations,Operations Manager,Travel_Frequently,Yes,0,0,0,2,5130,17,2,4,3,3,2,2,3,3,3,Yes
EMP-0565,36,Male,Married,Bachelor,Other,Operations,Logistics Coordinator,Travel_Frequently,No,4,2,4,3,3087,19,1,3,3,3,3,2,3,3,10,No
EMP-0566,40,Female,Married,Bachelor,Life Sciences,Sales,Sales Executive,Travel_Rarely,No,0,0,0,2,2992,21,0,3,2,4,4,3,2,4,5,No
EMP-0567,33,Female,Single,Bachelor,Other,Customer Support,Support Executive,Travel_Rarely,No,15,0,0,3,3678,13,0,4,4,3,3,3,4,3,2,No
EMP-0568,33,Female,Married,Bachelor,Human Resources,Engineering,Senior Engineer,Non-Travel,No,1,1,1,1,4577,19,0,3,3,2,4,4,3,3,29,Yes
EMP-0569,26,Female,Married,Bachelor,Medical,Marketing,Content Specialist,Travel_Rarely,No,4,4,4,3,3386,12,2,3,3,2,1,3,3,1,10,No
EMP-0570,28,Male,Single,Bachelor,Life Sciences,Sales,Sales Executive,Travel_Frequently,No,0,0,0,4,2769,23,3,3,3,1,4,4,2,3,11,Yes
EMP-0571,43,Male,Married,Master,Human Resources,Engineering,Software Engineer,Travel_Frequently,Yes,6,6,0,3,6743,22,3,1,3,2,3,3,2,3,7,No
EMP-0572,26,Male,Divorced,Master,Human Resources,Operations,Operations Analyst,Travel_Rarely,No,8,2,3,1,4529,25,0,2,4,4,3,3,2,3,6,No
EMP-0573,28,Male,Married,Bachelor,Technical Degree,Sales,Sales Representative,Travel_Frequently,No,4,1,1,1,3525,22,1,1,1,4,4,3,4,3,18,Yes
EMP-0574,31,Male,Single,Master,Human Resources,Marketing,Content Specialist,Travel_Rarely,No,8,0,5,2,5431,14,1,4,3,2,3,1,3,3,16,No
EMP-0575,53,Male,Single,Master,Other,Operations,Logistics Coordinator,Non-Travel,Yes,4,2,0,1,4150,16,1,3,2,3,3,4,4,1,3,No
EMP-0576,45,Male,Divorced,Master,Marketing,Sales,Sales Representative,Travel_Frequently,No,5,0,4,2,3902,19,0,3,3,3,4,2,4,2,18,No
EMP-0577,22,Male,Married,Bachelor,Medical,Engineering,Data Analyst,Travel_Rarely,No,0,0,0,2,4151,22,3,3,2,4,4,1,3,3,1,Yes
EMP-0578,55,Male,Single,Bachelor,Life Sciences,Operations,Operations Manager,Travel_Frequently,No,2,0,1,5,4263,20,0,1,3,3,2,3,3,3,2,No
EMP-0579,24,Female,Married,Bachelor,Marketing,Customer Support,Customer Success Manager,Travel_Rarely,No,6,0,1,1,4020,12,0,3,4,3,3,3,3,1,11,No
EMP-0580,47,Male,Married,Master,Human Resources,Marketing,Content Specialist,Non-Travel,No,12,11,12,1,6301,25,2,3,4,2,4,2,3,2,9,No
EMP-0581,29,Female,Single,Bachelor,Other,Finance,Finance Analyst,Travel_Rarely,No,7,7,7,1,4730,11,0,1,3,3,4,4,3,0,15,No
EMP-0582,40,Male,Single,Master,Life Sciences,Finance,Finance Manager,Travel_Rarely,No,8,1,0,4,8192,13,1,2,2,4,3,4,2,3,1,No
EMP-0583,36,Male,Married,Bachelor,Technical Degree,Sales,Sales Executive,Non-Travel,No,4,1,4,3,3004,21,1,2,3,2,3,3,4,2,9,No
EMP-0584,39,Male,Married,High School,Medical,Sales,Sales Manager,Travel_Rarely,No,0,0,0,3,3199,17,1,3,3,4,2,3,3,2,15,No
EMP-0585,32,Male,Divorced,Bachelor,Marketing,Customer Support,Customer Success Manager,Travel_Frequently,Yes,12,6,1,2,4997,14,2,3,4,3,4,3,3,2,15,Yes
EMP-0586,23,Female,Divorced,Master,Life Sciences,Marketing,Marketing Manager,Travel_Frequently,No,5,0,5,2,5730,20,1,4,3,4,3,2,4,4,12,No
EMP-0587,25,Female,Married,Bachelor,Medical,Engineering,Senior Engineer,Travel_Rarely,No,1,0,0,2,4257,12,1,3,3,4,3,3,4,3,7,No
EMP-0588,40,Female,Single,Bachelor,Technical Degree,Engineering,Data Analyst,Travel_Frequently,No,11,1,1,2,6784,16,0,4,2,4,3,3,3,4,8,No
EMP-0589,51,Male,Divorced,Master,Medical,HR,HR Manager,Travel_Frequently,Yes,7,0,1,1,5598,17,1,2,2,3,4,3,2,1,17,No
EMP-0590,41,Female,Single,PhD,Marketing,Sales,Sales Representative,Travel_Rarely,Yes,23,2,0,2,7979,12,3,3,3,4,3,3,2,4,13,No
EMP-0591,44,Male,Married,Master,Marketing,Customer Support,Customer Success Manager,Travel_Rarely,No,0,0,0,2,4257,21,1,3,3,4,3,2,1,3,1,No
EMP-0592,41,Male,Single,PhD,Life Sciences,Sales,Sales Representative,Travel_Rarely,Yes,6,0,4,1,5028,25,0,3,3,3,4,2,3,4,22,No
EMP-0593,32,Male,Divorced,Bachelor,Human Resources,Operations,Logistics Coordinator,Travel_Rarely,No,9,2,9,2,3673,20,0,3,2,3,2,2,4,2,10,No
EMP-0594,33,Male,Single,Master,Medical,Engineering,Software Engineer,Travel_Frequently,No,6,4,1,3,6688,19,1,3,4,1,4,1,3,5,3,No
EMP-0595,22,Female,Married,Master,Life Sciences,Operations,Operations Manager,Travel_Rarely,Yes,4,0,4,1,5911,21,0,4,4,4,2,3,2,4,1,No
EMP-0596,40,Female,Married,Bachelor,Life Sciences,Engineering,Software Engineer,Travel_Frequently,No,22,1,11,2,8127,13,0,3,4,3,4,1,3,0,1,No
EMP-0597,49,Male,Married,Bachelor,Medical,Marketing,Marketing Manager,Non-Travel,Yes,1,0,1,1,4038,14,0,4,4,4,4,1,2,3,23,Yes
EMP-0598,33,Female,Married,Bachelor,Marketing,Engineering,Data Analyst,Travel_Rarely,Yes,12,1,4,4,6045,18,0,3,2,2,3,3,3,2,5,Yes
EMP-0599,38,Male,Married,Bachelor,Medical,Operations,Operations Manager,Non-Travel,No,12,12,0,5,5912,18,0,3,1,3,3,3,3,4,1,No
EMP-0600,45,Female,Married,Master,Life Sciences,Engineering,Senior Engineer,Travel_Rarely,No,10,7,1,3,8287,20,0,3,4,3,3,1,3,2,24,No
EMP-0601,40,Male,Divorced,Master,Life Sciences,Engineering,Senior Engineer,Travel_Rarely,No,2,0,1,4,5501,22,1,3,1,4,4,2,3,5,4,No
EMP-0602,42,Male,Married,PhD,Human Resources,HR,Recruiter,Travel_Rarely,No,6,0,6,2,4764,22,1,3,3,3,3,2,1,4,1,No
EMP-0603,44,Male,Married,Bachelor,Medical,Operations,Operations Analyst,Travel_Rarely,Yes,26,0,1,5,6480,12,1,3,4,3,3,4,4,4,29,No
EMP-0604,31,Male,Divorced,Master,Human Resources,Marketing,Marketing Analyst,Non-Travel,No,1,1,0,3,4028,17,0,3,4,4,4,3,3,2,29,No
EMP-0605,26,Male,Married,High School,Technical Degree,Finance,Auditor,Travel_Rarely,No,1,1,1,1,3061,12,0,3,2,1,3,3,3,3,1,No
EMP-0606,53,Male,Married,Bachelor,Life Sciences,Engineering,Senior Engineer,Travel_Rarely,No,6,6,2,4,5425,20,1,4,1,2,4,3,3,1,9,No
EMP-0607,35,Male,Married,Bachelor,Technical Degree,Finance,Finance Manager,Travel_Rarely,Yes,5,5,2,5,6051,19,0,3,3,3,1,3,3,4,8,No
EMP-0608,31,Male,Single,Master,Other,Engineering,Data Analyst,Non-Travel,No,3,0,0,1,6770,11,0,3,4,2,4,2,3,6,2,No
EMP-0609,43,Male,Married,Master,Technical Degree,Operations,Operations Manager,Non-Travel,No,2,2,0,5,4589,13,1,3,4,3,3,3,3,3,1,No
EMP-0610,29,Male,Single,Bachelor,Technical Degree,Finance,Accountant,Travel_Rarely,No,6,1,2,1,4639,18,3,4,4,2,3,3,3,2,11,Yes
EMP-0611,52,Female,Single,Bachelor,Marketing,Marketing,Marketing Analyst,Travel_Rarely,No,1,1,1,1,3413,24,0,2,3,4,3,1,3,2,15,No
EMP-0612,33,Female,Married,Master,Other,Engineering,Data Analyst,Non-Travel,Yes,3,0,3,3,6459,15,2,3,2,2,2,3,3,4,3,No
EMP-0613,36,Male,Divorced,High School,Medical,Engineering,Data Analyst,Non-Travel,No,4,2,4,4,4163,17,1,3,2,4,3,4,2,3,5,No
EMP-0614,38,Male,Married,Bachelor,Technical Degree,HR,HR Executive,Travel_Rarely,No,1,1,1,4,2636,13,0,3,1,3,2,2,3,2,1,Yes
EMP-0615,28,Female,Married,Master,Technical Degree,Marketing,Marketing Manager,Non-Travel,No,10,0,0,4,6674,13,0,4,4,3,3,3,4,5,29,No
EMP-0616,55,Male,Married,Bachelor,Life Sciences,Customer Support,Support Executive,Travel_Rarely,No,7,1,3,2,3162,25,1,4,3,1,3,3,3,2,2,No
EMP-0617,45,Female,Divorced,Master,Technical Degree,Sales,Sales Representative,Travel_Rarely,No,7,2,7,1,4328,13,1,3,4,4,4,1,1,4,2,No
EMP-0618,43,Female,Married,Bachelor,Technical Degree,Sales,Sales Manager,Non-Travel,Yes,25,1,5,2,6961,15,1,3,4,2,3,1,4,4,4,No
EMP-0619,25,Male,Married,PhD,Technical Degree,Finance,Accountant,Travel_Rarely,Yes,0,0,0,1,5829,21,0,3,4,2,3,2,1,3,8,Yes
EMP-0620,25,Male,Married,Master,Life Sciences,Operations,Operations Analyst,Travel_Rarely,No,0,0,0,5,3822,25,2,3,3,2,1,3,3,3,5,No
EMP-0621,41,Male,Married,Master,Medical,Sales,Sales Manager,Travel_Rarely,No,1,1,1,2,4400,19,0,4,3,4,3,3,3,2,6,No
EMP-0622,41,Male,Married,Bachelor,Other,Engineering,Senior Engineer,Non-Travel,No,6,3,0,1,5181,19,0,3,4,3,4,3,3,5,1,No
EMP-0623,43,Male,Single,Master,Marketing,Customer Support,Support Lead,Travel_Rarely,No,7,5,0,3,5176,12,1,4,4,1,4,2,3,1,6,No
EMP-0624,38,Male,Married,Master,Other,Sales,Sales Representative,Non-Travel,No,10,1,0,3,4564,24,0,3,4,1,3,3,3,1,29,No
EMP-0625,29,Male,Married,Master,Human Resources,Sales,Sales Executive,Travel_Rarely,No,6,0,6,5,4380,24,2,4,2,3,3,3,3,6,7,No
EMP-0626,37,Male,Married,Bachelor,Human Resources,HR,Payroll Specialist,Non-Travel,No,0,0,0,2,2476,12,0,4,4,4,4,2,4,4,18,No
EMP-0627,40,Female,Married,Bachelor,Marketing,Customer Support,Support Lead,Non-Travel,Yes,0,0,0,3,3253,14,1,3,4,3,1,2,3,1,18,No
EMP-0628,31,Male,Married,High School,Human Resources,Engineering,Data Analyst,Travel_Rarely,No,0,0,0,1,3565,13,2,3,4,3,4,2,2,4,10,No
EMP-0629,33,Female,Single,Master,Human Resources,Operations,Logistics Coordinator,Travel_Rarely,No,4,4,4,5,4181,20,2,3,2,3,4,3,3,4,6,No
EMP-0630,39,Male,Married,High School,Marketing,Finance,Finance Manager,Travel_Rarely,No,13,5,2,3,6757,13,1,3,2,3,4,1,4,3,5,No
EMP-0631,30,Male,Divorced,Master,Other,Engineering,Software Engineer,Travel_Frequently,Yes,1,1,1,1,5624,22,0,3,3,3,3,3,4,3,1,Yes
EMP-0632,34,Male,Married,Master,Other,Finance,Auditor,Travel_Rarely,No,2,2,2,3,4881,25,1,4,4,3,3,3,2,2,2,No
EMP-0633,51,Female,Single,Bachelor,Technical Degree,Operations,Logistics Coordinator,Non-Travel,No,1,1,0,3,2838,19,0,3,4,3,3,3,3,4,12,No
EMP-0634,34,Male,Married,High School,Life Sciences,Sales,Sales Manager,Non-Travel,No,0,0,0,3,3345,25,1,3,1,1,4,3,3,2,1,Yes
EMP-0635,36,Female,Single,Master,Life Sciences,Operations,Logistics Coordinator,Travel_Rarely,Yes,0,0,0,4,3771,22,0,4,3,4,3,4,2,5,9,Yes
EMP-0636,25,Female,Married,Master,Life Sciences,Customer Support,Support Lead,Travel_Rarely,Yes,7,0,4,1,4606,16,1,3,2,3,3,4,3,4,1,No
EMP-0637,37,Male,Married,Master,Human Resources,Engineering,Senior Engineer,Non-Travel,No,2,0,1,3,5489,20,0,1,2,4,3,2,3,4,1,No
EMP-0638,50,Male,Married,Bachelor,Other,Marketing,Marketing Analyst,Travel_Rarely,No,3,3,3,3,3853,13,2,3,3,3,3,3,3,4,13,No
EMP-0639,37,Female,Married,Bachelor,Life Sciences,HR,HR Manager,Travel_Rarely,Yes,4,2,4,2,3578,17,1,3,4,1,4,3,3,4,1,No
EMP-0640,25,Male,Married,Bachelor,Life Sciences,Finance,Accountant,Non-Travel,No,0,0,0,2,3648,14,0,4,3,3,3,4,2,2,2,No
EMP-0641,24,Female,Married,Master,Marketing,Operations,Logistics Coordinator,Travel_Rarely,No,4,1,4,1,3904,19,0,3,3,2,4,4,3,2,1,No
EMP-0642,30,Male,Divorced,PhD,Medical,HR,Payroll Specialist,Non-Travel,No,6,0,6,3,4392,25,0,3,3,3,2,4,3,3,3,No
EMP-0643,24,Female,Married,Bachelor,Life Sciences,Finance,Finance Manager,Travel_Rarely,No,0,0,0,3,4589,24,1,3,2,3,3,2,3,4,10,Yes
EMP-0644,40,Male,Single,Master,Medical,Operations,Operations Analyst,Travel_Frequently,No,7,4,7,2,4957,25,2,3,2,4,2,3,3,3,2,No
EMP-0645,38,Female,Single,Master,Medical,HR,HR Executive,Travel_Rarely,Yes,3,3,3,2,3521,25,2,3,3,3,3,3,3,4,4,No
EMP-0646,33,Female,Married,Bachelor,Life Sciences,Marketing,Content Specialist,Travel_Frequently,Yes,0,0,0,4,3114,17,2,4,4,4,1,3,4,3,4,Yes
EMP-0647,40,Female,Married,Bachelor,Medical,Operations,Logistics Coordinator,Travel_Rarely,Yes,8,0,1,1,3538,22,2,3,3,2,3,3,3,4,29,No
EMP-0648,32,Female,Single,Master,Human Resources,Marketing,Marketing Manager,Non-Travel,Yes,10,1,3,3,7779,19,0,3,1,4,3,3,3,4,9,No
EMP-0649,45,Female,Married,Master,Medical,Marketing,Marketing Analyst,Travel_Frequently,Yes,15,7,0,4,6780,24,1,3,4,3,2,1,3,3,11,No
EMP-0650,40,Female,Married,Master,Human Resources,Operations,Operations Manager,Travel_Rarely,No,0,0,0,1,4618,16,0,3,2,3,2,4,1,5,7,No
EMP-0651,50,Female,Married,Bachelor,Technical Degree,Engineering,Software Engineer,Travel_Rarely,Yes,12,0,0,4,7301,20,3,3,4,4,4,3,3,1,1,No
EMP-0652,47,Female,Married,High School,Human Resources,Engineering,Software Engineer,Non-Travel,No,2,2,1,1,4171,14,0,3,4,4,2,3,3,6,8,No
EMP-0653,25,Female,Single,Bachelor,Marketing,Marketing,Marketing Analyst,Non-Travel,No,3,3,0,4,3633,12,0,3,3,3,4,3,3,2,18,No
EMP-0654,44,Male,Married,Bachelor,Life Sciences,HR,HR Manager,Travel_Frequently,Yes,3,3,2,1,4127,22,1,4,4,2,4,3,3,0,3,No
EMP-0655,31,Male,Single,Bachelor,Other,Sales,Sales Representative,Travel_Frequently,Yes,9,1,6,3,3764,15,3,3,3,3,3,4,4,3,4,No
EMP-0656,34,Female,Divorced,Master,Life Sciences,Sales,Sales Executive,Travel_Rarely,No,3,2,3,3,3745,18,0,3,2,4,4,2,3,2,24,Yes
EMP-0657,42,Male,Married,Bachelor,Technical Degree,Finance,Finance Manager,Travel_Frequently,No,7,0,3,3,5935,24,1,3,4,4,3,3,3,2,27,No
EMP-0658,51,Male,Married,Master,Other,Engineering,Senior Engineer,Travel_Rarely,No,3,1,0,1,6573,17,0,3,1,4,1,3,3,1,6,No
EMP-0659,22,Female,Single,Bachelor,Marketing,Sales,Sales Representative,Travel_Rarely,No,4,0,0,2,3342,13,1,3,3,4,3,3,3,1,9,No
EMP-0660,37,Female,Married,Bachelor,Other,Finance,Finance Analyst,Non-Travel,No,12,1,0,4,5644,13,1,3,1,3,3,3,4,1,1,No
EMP-0661,44,Female,Single,Master,Human Resources,Operations,Operations Manager,Non-Travel,Yes,24,2,2,2,9173,22,0,3,3,4,3,3,3,0,2,No
EMP-0662,38,Female,Married,Bachelor,Technical Degree,Marketing,Marketing Manager,Non-Travel,No,4,1,3,1,4829,13,1,3,3,2,4,2,3,5,15,No
EMP-0663,25,Female,Married,High School,Human Resources,Operations,Operations Analyst,Travel_Rarely,No,7,7,0,1,3307,12,0,4,4,3,3,2,3,1,15,No
EMP-0664,48,Female,Married,Master,Life Sciences,Sales,Sales Executive,Travel_Rarely,No,24,6,3,1,6512,13,0,3,1,3,4,3,4,6,5,No
EMP-0665,45,Male,Divorced,Master,Technical Degree,Finance,Auditor,Travel_Rarely,No,9,0,3,1,6783,22,1,3,3,1,3,2,4,3,10,No
EMP-0666,55,Female,Divorced,Master,Other,Sales,Sales Representative,Non-Travel,No,32,0,2,4,7506,25,0,3,2,1,3,4,3,3,18,No
EMP-0667,26,Male,Single,Bachelor,Marketing,Engineering,Senior Engineer,Travel_Frequently,No,5,5,0,3,5318,23,0,1,4,4,2,4,1,4,4,Yes
EMP-0668,26,Male,Single,Bachelor,Life Sciences,Engineering,Senior Engineer,Non-Travel,No,8,4,2,2,5657,15,0,3,2,4,2,3,3,4,5,No
EMP-0669,30,Male,Single,Bachelor,Technical Degree,Operations,Operations Manager,Travel_Rarely,No,6,3,6,5,4325,14,1,4,1,3,3,1,4,3,6,No
EMP-0670,45,Male,Married,PhD,Other,Operations,Operations Manager,Travel_Rarely,Yes,2,0,2,1,6016,23,2,3,3,2,2,3,3,1,6,No
EMP-0671,36,Female,Divorced,Bachelor,Medical,Engineering,Data Analyst,Travel_Frequently,No,0,0,0,4,4603,20,3,4,2,4,2,2,3,2,4,Yes
EMP-0672,41,Male,Married,Master,Life Sciences,Engineering,Software Engineer,Non-Travel,No,0,0,0,4,5667,17,0,3,4,4,2,2,3,2,1,No
EMP-0673,46,Female,Divorced,Bachelor,Medical,Engineering,Data Analyst,Travel_Frequently,Yes,7,7,5,2,5792,12,1,3,4,2,3,3,4,3,1,No
EMP-0674,41,Male,Single,Bachelor,Medical,Finance,Finance Manager,Non-Travel,Yes,6,1,3,1,5751,25,1,3,4,2,2,2,3,2,6,No
EMP-0675,35,Female,Married,Bachelor,Technical Degree,Finance,Accountant,Non-Travel,No,3,3,3,2,4652,20,2,4,3,4,3,3,4,0,1,No
EMP-0676,41,Male,Single,Bachelor,Marketing,Engineering,Software Engineer,Travel_Frequently,No,3,0,1,2,5014,18,0,3,4,3,3,3,3,3,1,No
EMP-0677,38,Female,Married,Bachelor,Human Resources,Sales,Sales Manager,Non-Travel,No,13,3,0,4,5914,25,2,3,2,4,3,1,3,1,11,No
EMP-0678,37,Female,Married,Bachelor,Technical Degree,Marketing,Marketing Analyst,Travel_Frequently,No,19,0,1,2,5143,22,0,4,2,4,4,3,2,3,29,No
EMP-0679,46,Male,Married,Bachelor,Life Sciences,HR,HR Manager,Travel_Rarely,Yes,5,5,5,1,3711,23,2,4,3,3,2,2,3,3,2,No
EMP-0680,33,Male,Divorced,Bachelor,Life Sciences,Customer Support,Customer Success Manager,Travel_Frequently,No,7,6,2,4,3989,14,1,4,4,4,3,2,4,0,1,No
EMP-0681,38,Male,Single,High School,Technical Degree,Customer Support,Customer Success Manager,Travel_Rarely,Yes,1,1,1,2,2902,14,0,4,4,4,3,2,3,3,11,Yes
EMP-0682,60,Female,Married,Bachelor,Other,Customer Support,Support Executive,Travel_Rarely,Yes,3,0,3,2,2518,19,0,3,2,3,3,3,3,4,7,Yes
EMP-0683,33,Female,Divorced,Bachelor,Life Sciences,Operations,Logistics Coordinator,Travel_Rarely,No,8,2,1,2,3505,13,1,4,4,1,4,2,3,3,19,No
EMP-0684,28,Male,Married,Bachelor,Other,HR,Recruiter,Travel_Rarely,No,0,0,0,2,2798,15,1,4,3,4,4,3,3,4,25,No
EMP-0685,33,Male,Single,Master,Marketing,Engineering,Tech Lead,Non-Travel,No,7,1,2,1,8781,19,2,3,3,3,3,2,3,4,14,No
EMP-0686,38,Male,Divorced,Bachelor,Other,HR,Payroll Specialist,Travel_Rarely,Yes,4,1,1,3,2866,16,2,3,3,3,4,3,3,4,22,No
EMP-0687,46,Female,Married,Master,Other,Finance,Finance Analyst,Travel_Rarely,No,6,1,6,1,5453,17,2,3,2,3,3,2,3,0,6,No
EMP-0688,58,Female,Married,Bachelor,Technical Degree,Marketing,Marketing Manager,Travel_Rarely,No,19,1,8,2,6738,22,2,3,4,2,3,4,3,4,11,No
EMP-0689,32,Male,Married,Master,Other,HR,HR Executive,Travel_Frequently,No,4,3,0,4,4002,14,2,3,4,1,3,3,3,4,10,No
EMP-0690,26,Female,Married,Master,Medical,Engineering,Data Analyst,Non-Travel,No,5,3,2,2,6938,13,0,4,3,3,4,3,3,3,3,No
EMP-0691,38,Female,Married,Bachelor,Marketing,Operations,Operations Manager,Travel_Rarely,No,0,0,0,4,4070,25,0,2,4,4,4,2,3,1,20,Yes
EMP-0692,44,Male,Divorced,Bachelor,Other,HR,Recruiter,Non-Travel,Yes,8,5,0,2,3253,17,1,3,2,1,2,1,3,4,4,Yes
EMP-0693,29,Female,Married,Master,Technical Degree,Engineering,Data Analyst,Travel_Rarely,No,1,1,1,4,5653,25,0,4,2,3,4,4,3,2,12,No
EMP-0694,26,Female,Divorced,Master,Life Sciences,Customer Support,Support Executive,Travel_Rarely,No,1,0,1,2,2890,19,3,3,3,4,3,3,3,3,17,No
EMP-0695,24,Male,Married,Bachelor,Human Resources,Finance,Finance Analyst,Travel_Frequently,Yes,5,2,4,2,4737,11,1,3,3,1,3,4,2,3,1,Yes
EMP-0696,43,Male,Married,Master,Technical Degree,Customer Support,Customer Success Manager,Travel_Frequently,No,3,1,3,1,4621,25,0,3,3,3,3,3,3,4,2,No
EMP-0697,46,Female,Married,PhD,Life Sciences,Marketing,Marketing Manager,Travel_Rarely,Yes,5,4,4,3,7593,22,0,4,3,3,4,3,3,3,4,No
EMP-0698,42,Female,Divorced,Bachelor,Life Sciences,Finance,Auditor,Travel_Rarely,No,2,1,2,4,3884,21,2,3,3,3,2,3,2,2,11,No
EMP-0699,39,Male,Married,Bachelor,Other,Sales,Sales Manager,Travel_Rarely,No,3,0,2,1,4298,25,1,3,1,3,4,1,3,2,1,Yes
EMP-0700,39,Female,Divorced,Master,Marketing,Engineering,Software Engineer,Travel_Frequently,Yes,12,1,3,1,7641,19,2,3,2,2,3,4,4,3,29,Yes
EMP-0701,35,Male,Single,Master,Technical Degree,Operations,Operations Analyst,Non-Travel,No,1,1,1,3,3572,18,3,4,4,4,3,2,3,2,25,No
EMP-0702,49,Female,Married,PhD,Human Resources,Finance,Accountant,Travel_Rarely,No,1,0,1,4,6295,11,0,3,1,2,2,4,3,4,4,No
EMP-0703,41,Female,Married,High School,Other,HR,HR Executive,Travel_Rarely,No,2,0,0,4,2281,25,0,3,3,3,2,3,3,2,1,No
EMP-0704,22,Male,Married,Bachelor,Technical Degree,Sales,Sales Executive,Travel_Rarely,No,1,1,1,4,2686,19,3,3,4,3,3,1,4,2,18,Yes
EMP-0705,27,Male,Married,High School,Marketing,Finance,Finance Analyst,Travel_Rarely,No,3,1,3,2,3512,11,0,4,3,3,3,4,3,3,5,No
EMP-0706,40,Female,Married,High School,Medical,Sales,Sales Executive,Travel_Rarely,No,4,1,4,6,2704,24,0,2,3,4,2,2,4,3,3,Yes
EMP-0707,22,Male,Single,Master,Life Sciences,Engineering,Senior Engineer,Travel_Rarely,No,4,1,0,1,6016,20,3,3,4,3,3,4,3,5,2,No
EMP-0708,34,Male,Married,Master,Medical,Sales,Sales Manager,Travel_Rarely,No,4,1,4,3,5567,12,3,3,3,3,3,3,3,3,1,No
EMP-0709,27,Male,Married,Master,Other,Sales,Sales Manager,Travel_Rarely,No,1,1,1,5,5026,12,2,3,4,2,4,3,4,2,1,Yes
EMP-0710,36,Male,Single,Bachelor,Medical,HR,HR Executive,Travel_Rarely,Yes,1,1,1,2,2930,20,1,3,1,3,3,3,3,4,21,No
EMP-0711,33,Male,Married,Master,Medical,Marketing,Content Specialist,Travel_Frequently,No,6,0,6,2,4548,13,0,3,2,3,3,2,3,1,21,Yes
EMP-0712,27,Male,Single,Bachelor,Human Resources,Engineering,Data Analyst,Non-Travel,No,1,1,1,1,4424,15,0,3,1,1,3,1,3,4,24,Yes
EMP-0713,37,Male,Married,Master,Technical Degree,Marketing,Marketing Analyst,Non-Travel,Yes,0,0,0,3,4327,15,1,3,3,1,3,4,4,3,28,Yes
EMP-0714,38,Male,Married,Bachelor,Other,Marketing,Content Specialist,Travel_Frequently,Yes,0,0,0,1,3249,24,0,3,3,2,3,2,4,6,28,Yes
EMP-0715,29,Male,Divorced,Bachelor,Human Resources,Operations,Operations Analyst,Travel_Frequently,Yes,6,1,6,2,3789,17,0,3,2,3,4,3,3,5,2,Yes
EMP-0716,37,Male,Married,Bachelor,Medical,Sales,Sales Representative,Travel_Frequently,No,10,0,1,4,3645,16,1,4,3,3,4,3,3,2,6,No
EMP-0717,45,Male,Divorced,Bachelor,Human Resources,Engineering,Data Analyst,Travel_Rarely,No,18,1,2,2,7461,21,2,3,4,1,2,3,3,6,4,No
EMP-0718,36,Male,Divorced,Bachelor,Medical,Finance,Finance Manager,Non-Travel,No,1,0,0,2,4861,12,0,3,4,3,4,4,3,4,14,No
EMP-0719,36,Male,Married,PhD,Medical,Sales,Sales Executive,Travel_Frequently,No,3,3,0,1,4249,15,2,2,3,3,4,3,3,2,4,No
EMP-0720,47,Male,Married,Bachelor,Human Resources,Operations,Operations Analyst,Travel_Rarely,No,16,2,2,1,4480,12,0,3,2,4,2,2,4,5,7,No
EMP-0721,33,Male,Divorced,High School,Other,HR,Payroll Specialist,Travel_Rarely,No,3,3,3,2,2439,12,0,3,3,1,3,3,3,2,1,No
EMP-0722,37,Female,Single,Bachelor,Other,Finance,Auditor,Travel_Rarely,No,19,1,1,5,6082,25,0,4,4,3,4,3,3,3,7,No
EMP-0723,32,Male,Married,PhD,Life Sciences,HR,HR Executive,Travel_Rarely,Yes,1,1,0,3,4171,11,2,4,3,2,4,3,3,2,4,No
EMP-0724,40,Male,Married,Bachelor,Technical Degree,Sales,Sales Representative,Non-Travel,No,5,3,4,5,3108,25,1,3,3,4,4,3,3,2,16,No
EMP-0725,49,Male,Single,Bachelor,Other,HR,Recruiter,Travel_Rarely,No,4,0,3,1,2963,13,2,3,1,4,4,2,2,2,7,No
EMP-0726,26,Female,Divorced,Master,Marketing,Operations,Operations Analyst,Travel_Rarely,Yes,4,4,4,1,3947,21,0,3,4,3,4,3,2,1,6,No
EMP-0727,32,Female,Married,High School,Technical Degree,Sales,Sales Executive,Non-Travel,Yes,3,1,0,1,2903,13,0,2,3,3,3,2,4,3,2,No
EMP-0728,44,Male,Single,Bachelor,Life Sciences,Operations,Operations Analyst,Non-Travel,Yes,1,0,1,4,2737,25,0,3,4,3,3,1,3,2,1,Yes
EMP-0729,41,Male,Single,Bachelor,Technical Degree,Finance,Auditor,Travel_Rarely,Yes,3,1,3,1,4035,24,0,1,4,3,3,2,2,3,2,No
EMP-0730,42,Male,Married,Master,Life Sciences,Engineering,Data Analyst,Travel_Rarely,No,2,2,1,3,5562,23,0,3,3,4,3,3,3,2,3,No
EMP-0731,39,Male,Married,Bachelor,Other,HR,HR Manager,Travel_Rarely,No,11,9,6,2,5338,22,0,4,4,4,3,4,3,1,4,No
EMP-0732,51,Male,Married,Master,Medical,Sales,Sales Manager,Non-Travel,No,1,1,1,4,4683,16,0,3,2,3,2,2,3,1,6,Yes
EMP-0733,47,Male,Married,Bachelor,Other,Engineering,Tech Lead,Travel_Rarely,No,3,3,0,3,6165,13,1,3,3,3,2,4,3,3,6,No
EMP-0734,42,Male,Married,Bachelor,Medical,Sales,Sales Manager,Travel_Rarely,No,14,2,10,2,6022,19,1,3,3,3,3,3,3,1,2,No
EMP-0735,37,Male,Divorced,Bachelor,Medical,Engineering,Senior Engineer,Travel_Frequently,No,7,4,0,1,5757,25,2,4,3,2,3,3,3,5,1,No
EMP-0736,43,Male,Married,Bachelor,Medical,Customer Support,Customer Success Manager,Travel_Rarely,Yes,1,1,1,1,3247,24,3,3,1,4,3,2,3,3,1,Yes
EMP-0737,54,Female,Married,Bachelor,Medical,Engineering,Senior Engineer,Travel_Rarely,No,5,4,1,4,5566,18,0,3,1,3,3,3,3,5,8,No
EMP-0738,46,Male,Single,PhD,Human Resources,Sales,Sales Representative,Travel_Rarely,No,2,0,0,2,4259,14,0,3,4,2,4,3,4,0,8,Yes
EMP-0739,40,Male,Married,Bachelor,Medical,Finance,Auditor,Travel_Rarely,Yes,0,0,0,2,3441,19,0,3,3,4,3,2,3,2,2,Yes
EMP-0740,34,Male,Married,Bachelor,Marketing,Sales,Sales Manager,Travel_Rarely,Yes,14,1,5,2,5697,22,0,3,3,2,3,3,3,2,21,No
EMP-0741,42,Male,Single,High School,Life Sciences,Marketing,Content Specialist,Non-Travel,Yes,16,0,3,3,4262,17,0,3,1,3,3,2,3,1,3,Yes
EMP-0742,52,Male,Married,Master,Medical,Operations,Logistics Coordinator,Non-Travel,No,20,0,2,2,6836,11,0,3,2,3,3,1,4,2,18,No
EMP-0743,50,Male,Married,Bachelor,Other,Sales,Sales Executive,Non-Travel,No,0,0,0,5,2768,19,0,3,3,3,3,1,3,2,8,Yes
EMP-0744,47,Male,Single,Master,Technical Degree,Finance,Accountant,Travel_Rarely,No,10,0,10,4,6403,16,0,3,2,3,3,2,3,3,7,No
EMP-0745,31,Male,Married,Bachelor,Other,Sales,Sales Manager,Travel_Rarely,Yes,6,3,4,1,4838,15,1,2,3,2,4,2,3,4,5,Yes
EMP-0746,51,Male,Single,High School,Other,Finance,Accountant,Travel_Frequently,No,2,0,2,3,3471,16,0,3,1,1,4,4,3,5,29,No
EMP-0747,30,Female,Single,Bachelor,Human Resources,Finance,Finance Manager,Travel_Frequently,No,4,0,2,4,5592,24,0,3,3,4,4,3,4,5,6,No
EMP-0748,42,Male,Single,Bachelor,Other,Finance,Finance Manager,Travel_Rarely,No,6,2,2,2,6176,24,2,2,3,1,4,4,3,2,1,No
EMP-0749,35,Female,Divorced,Master,Life Sciences,Sales,Sales Representative,Travel_Frequently,Yes,1,1,0,2,3572,19,0,2,3,3,4,3,3,0,4,Yes
EMP-0750,41,Female,Married,High School,Technical Degree,Sales,Sales Manager,Travel_Rarely,Yes,11,1,0,2,4554,14,0,1,4,3,4,4,3,4,7,No
EMP-0751,39,Male,Divorced,Bachelor,Life Sciences,Customer Support,Support Executive,Non-Travel,No,17,8,1,1,4350,12,0,4,3,3,4,3,3,2,29,No
EMP-0752,38,Female,Married,Bachelor,Human Resources,HR,Recruiter,Travel_Rarely,No,13,0,11,1,3906,24,1,3,3,3,4,3,2,3,1,No
EMP-0753,22,Female,Divorced,Master,Marketing,Customer Support,Support Executive,Travel_Rarely,No,4,2,4,4,3502,16,1,3,3,4,3,4,4,1,3,No
EMP-0754,41,Male,Married,Master,Medical,Operations,Logistics Coordinator,Travel_Rarely,No,0,0,0,4,3917,25,1,4,4,3,3,3,3,3,3,No
EMP-0755,31,Male,Married,Master,Marketing,Operations,Operations Manager,Travel_Rarely,No,0,0,0,1,4872,13,1,3,3,4,3,4,3,3,1,No
EMP-0756,37,Female,Married,Bachelor,Life Sciences,Marketing,Content Specialist,Travel_Rarely,No,11,0,0,2,4442,14,2,3,2,3,4,2,1,2,29,No
EMP-0757,35,Female,Married,Bachelor,Marketing,Sales,Sales Manager,Non-Travel,No,3,3,1,1,4163,21,3,3,3,3,3,4,3,3,7,No
EMP-0758,37,Female,Married,Master,Technical Degree,Engineering,Tech Lead,Travel_Rarely,No,0,0,0,2,6995,22,0,3,4,4,3,4,3,5,26,No
EMP-0759,41,Female,Married,Master,Life Sciences,Sales,Sales Executive,Travel_Rarely,Yes,0,0,0,2,3491,11,0,4,1,3,4,4,3,3,4,No
EMP-0760,43,Male,Single,Bachelor,Technical Degree,Operations,Logistics Coordinator,Travel_Rarely,No,7,0,2,2,4019,23,0,3,3,2,2,3,3,3,16,No
EMP-0761,45,Female,Married,High School,Technical Degree,Engineering,Senior Engineer,Non-Travel,No,0,0,0,2,4199,23,0,4,4,4,1,2,3,3,1,No
EMP-0762,30,Male,Divorced,Bachelor,Other,Marketing,Marketing Analyst,Travel_Rarely,Yes,7,1,7,2,4262,17,0,3,4,3,3,4,3,3,1,No
EMP-0763,31,Male,Married,Bachelor,Other,Marketing,Marketing Analyst,Travel_Rarely,No,9,0,3,4,4120,25,0,4,4,2,2,3,3,3,1,No
EMP-0764,31,Male,Single,Bachelor,Human Resources,Sales,Sales Representative,Non-Travel,No,2,2,2,4,2883,18,0,3,3,3,3,1,3,2,5,No
EMP-0765,53,Female,Married,Master,Medical,Engineering,Senior Engineer,Travel_Rarely,Yes,19,1,0,2,10415,13,2,3,3,3,4,1,3,4,29,No
EMP-0766,34,Male,Married,Bachelor,Technical Degree,Customer Support,Support Executive,Travel_Rarely,Yes,16,0,8,4,3836,24,0,3,1,3,4,3,1,3,6,No
EMP-0767,25,Female,Divorced,Bachelor,Human Resources,Operations,Logistics Coordinator,Travel_Rarely,No,7,3,4,1,3430,12,2,3,3,2,4,3,1,1,1,No
EMP-0768,39,Male,Married,Bachelor,Other,Finance,Accountant,Travel_Frequently,No,5,1,3,1,4263,21,1,3,3,3,4,3,3,4,29,No
EMP-0769,53,Male,Divorced,High School,Technical Degree,Finance,Finance Manager,Travel_Rarely,No,2,0,2,2,4103,15,0,2,3,4,4,3,3,5,14,No
EMP-0770,42,Female,Single,Bachelor,Technical Degree,Customer Support,Support Executive,Travel_Rarely,No,5,0,0,3,2629,21,1,3,3,4,4,3,3,3,10,No
EMP-0771,22,Male,Married,Master,Marketing,Engineering,Senior Engineer,Non-Travel,No,3,0,3,3,6232,19,1,4,2,3,3,2,3,2,2,Yes
EMP-0772,49,Male,Divorced,Bachelor,Human Resources,Finance,Accountant,Non-Travel,Yes,12,1,3,1,5158,13,0,4,4,3,4,3,3,3,11,No
EMP-0773,42,Male,Single,Bachelor,Marketing,Customer Support,Customer Success Manager,Non-Travel,No,3,1,2,1,3361,24,1,4,1,4,3,3,3,4,9,No
EMP-0774,28,Male,Married,Bachelor,Human Resources,Operations,Logistics Coordinator,Non-Travel,Yes,7,1,2,1,3357,19,2,3,3,4,4,3,3,0,20,No
EMP-0775,31,Male,Single,Master,Medical,Customer Support,Support Lead,Travel_Rarely,No,2,0,2,1,3903,13,0,3,3,1,4,2,3,2,9,Yes
EMP-0776,30,Male,Married,Master,Technical Degree,Engineering,Tech Lead,Non-Travel,No,2,2,2,2,7955,22,0,3,3,2,4,4,3,0,5,No
EMP-0777,43,Male,Married,Bachelor,Human Resources,Engineering,Tech Lead,Travel_Rarely,Yes,14,14,3,2,9088,16,0,3,1,4,3,2,3,2,4,No
EMP-0778,23,Female,Married,Bachelor,Life Sciences,Operations,Operations Manager,Travel_Rarely,No,5,1,1,4,4811,17,0,2,3,1,3,3,1,3,1,No
EMP-0779,37,Male,Single,PhD,Technical Degree,Engineering,Tech Lead,Non-Travel,No,3,2,3,1,10206,21,0,3,3,2,1,3,1,2,5,No
EMP-0780,46,Male,Single,PhD,Technical Degree,Finance,Accountant,Non-Travel,No,2,0,2,3,6499,19,2,4,2,3,2,1,4,3,8,No
EMP-0781,35,Male,Divorced,Bachelor,Technical Degree,Operations,Logistics Coordinator,Non-Travel,No,3,1,3,1,2970,17,2,3,3,1,2,4,3,1,17,No
EMP-0782,37,Male,Married,High School,Medical,Sales,Sales Executive,Travel_Rarely,Yes,1,1,1,2,2503,23,1,3,1,2,1,2,2,4,26,Yes
EMP-0783,22,Female,Married,Master,Medical,Engineering,Senior Engineer,Travel_Rarely,Yes,4,4,4,1,6019,17,1,3,1,3,4,3,3,3,8,No
EMP-0784,29,Female,Married,Master,Other,Customer Support,Support Lead,Non-Travel,No,11,1,1,1,5469,12,3,3,4,2,1,1,4,4,6,No
EMP-0785,52,Male,Single,Bachelor,Life Sciences,Engineering,Software Engineer,Travel_Rarely,No,3,2,3,3,4656,24,3,3,3,4,2,3,3,1,2,No
EMP-0786,40,Male,Married,Bachelor,Medical,Engineering,Data Analyst,Non-Travel,No,4,4,4,3,4898,17,1,4,4,2,1,3,3,3,1,No
EMP-0787,38,Male,Single,PhD,Technical Degree,HR,Payroll Specialist,Travel_Rarely,No,1,0,1,4,4047,20,0,3,1,2,4,3,2,3,5,Yes
EMP-0788,37,Male,Single,Bachelor,Marketing,Engineering,Data Analyst,Travel_Rarely,Yes,6,1,0,5,5826,12,3,3,3,4,1,3,3,3,6,No
EMP-0789,36,Female,Single,Master,Medical,Engineering,Data Analyst,Travel_Frequently,Yes,5,0,5,1,6302,17,2,3,3,1,3,4,3,3,7,Yes
EMP-0790,33,Female,Single,Bachelor,Life Sciences,HR,Recruiter,Non-Travel,No,8,7,4,2,3171,23,0,4,2,4,2,3,2,3,6,No
EMP-0791,29,Female,Married,Bachelor,Human Resources,Engineering,Data Analyst,Travel_Frequently,No,9,2,0,4,6720,19,2,3,3,2,3,3,3,2,2,No
EMP-0792,52,Male,Married,PhD,Marketing,Sales,Sales Manager,Travel_Rarely,No,0,0,0,2,5704,24,0,4,3,4,2,2,3,4,3,No
EMP-0793,27,Male,Married,Bachelor,Other,Customer Support,Customer Success Manager,Travel_Rarely,No,6,1,0,1,4179,17,0,3,3,4,3,3,4,1,4,No
EMP-0794,42,Female,Married,Bachelor,Medical,Customer Support,Support Lead,Travel_Frequently,No,1,1,1,5,3368,19,1,3,2,3,2,2,4,2,6,Yes
EMP-0795,44,Female,Married,High School,Human Resources,Sales,Sales Executive,Travel_Frequently,No,4,4,4,4,2508,23,1,4,3,2,1,3,1,2,3,No
EMP-0796,39,Male,Married,High School,Marketing,Marketing,Content Specialist,Non-Travel,No,6,0,0,2,3212,12,1,4,3,4,2,2,3,6,1,No
EMP-0797,38,Male,Single,Bachelor,Marketing,HR,Recruiter,Travel_Rarely,No,1,1,1,1,2513,17,3,3,2,2,3,3,2,3,1,Yes
EMP-0798,54,Male,Married,PhD,Marketing,Finance,Auditor,Non-Travel,No,11,4,5,4,8127,21,0,3,1,1,4,2,4,1,13,No
EMP-0799,22,Female,Divorced,Bachelor,Life Sciences,Engineering,Senior Engineer,Travel_Rarely,No,2,2,2,5,4877,16,0,3,3,3,4,3,3,2,7,No
EMP-0800,37,Male,Divorced,Bachelor,Other,Operations,Operations Manager,Travel_Rarely,No,9,9,0,1,5575,24,0,3,4,4,3,3,4,4,6,No
EMP-0801,33,Male,Single,Bachelor,Marketing,Sales,Sales Manager,Travel_Frequently,Yes,0,0,0,2,3328,21,2,3,4,4,4,3,3,3,19,Yes
EMP-0802,58,Female,Single,PhD,Medical,Sales,Sales Manager,Travel_Rarely,No,2,2,2,3,5446,17,3,3,3,3,4,4,3,3,29,No
EMP-0803,43,Male,Single,Master,Life Sciences,Engineering,Tech Lead,Non-Travel,No,3,0,0,4,7971,24,2,4,1,4,3,3,4,3,2,No
EMP-0804,48,Female,Single,Master,Human Resources,Engineering,Software Engineer,Non-Travel,No,4,0,4,4,7087,15,2,2,4,3,3,3,4,4,1,No
EMP-0805,40,Female,Divorced,Master,Technical Degree,Engineering,Tech Lead,Non-Travel,No,1,0,1,3,6845,14,1,3,1,2,4,3,3,3,14,Yes
EMP-0806,39,Male,Married,Bachelor,Other,Finance,Auditor,Non-Travel,No,0,0,0,2,3878,25,1,3,2,3,4,3,3,2,1,No
EMP-0807,28,Female,Divorced,Master,Life Sciences,Sales,Sales Executive,Non-Travel,No,4,2,0,3,4212,19,1,3,2,2,4,3,3,4,1,No
EMP-0808,46,Male,Married,High School,Medical,Finance,Finance Analyst,Non-Travel,No,3,0,3,3,3699,16,1,3,4,3,4,3,4,2,1,No
EMP-0809,50,Male,Married,Bachelor,Technical Degree,Sales,Sales Representative,Travel_Rarely,No,7,2,1,1,3740,25,1,3,3,2,3,3,3,3,6,No
EMP-0810,29,Male,Married,Bachelor,Marketing,Customer Support,Support Lead,Non-Travel,Yes,8,0,1,1,3987,23,3,3,1,3,4,4,3,3,14,No
EMP-0811,37,Male,Married,Master,Life Sciences,Sales,Sales Executive,Travel_Rarely,No,4,0,4,1,4421,19,0,3,4,2,4,3,3,2,6,No
EMP-0812,45,Female,Single,PhD,Other,Sales,Sales Manager,Travel_Rarely,Yes,2,2,0,2,5619,11,3,3,3,1,3,1,3,2,9,Yes
EMP-0813,30,Female,Married,Master,Life Sciences,Marketing,Marketing Analyst,Non-Travel,Yes,0,0,0,1,3685,23,1,3,4,2,2,4,3,2,11,No
EMP-0814,29,Male,Married,Master,Other,Operations,Logistics Coordinator,Travel_Frequently,No,11,0,0,1,4805,22,0,2,3,4,3,4,2,2,5,No
EMP-0815,37,Male,Married,Bachelor,Technical Degree,Customer Support,Support Executive,Travel_Rarely,Yes,2,2,2,2,2546,21,0,3,4,4,2,3,3,5,11,No
EMP-0816,22,Male,Married,PhD,Other,HR,HR Manager,Travel_Frequently,Yes,4,4,4,2,5344,14,1,3,2,4,4,2,3,1,4,Yes
EMP-0817,40,Male,Divorced,PhD,Technical Degree,HR,Recruiter,Non-Travel,Yes,1,1,1,4,3581,13,0,4,2,3,3,3,4,3,5,Yes
EMP-0818,34,Male,Single,PhD,Medical,Sales,Sales Representative,Non-Travel,No,12,2,7,1,5424,20,1,3,3,3,2,2,4,3,3,No
EMP-0819,45,Male,Married,Bachelor,Medical,Sales,Sales Executive,Travel_Rarely,No,2,2,2,2,2840,14,0,3,3,3,3,3,3,3,1,No
EMP-0820,43,Male,Married,Bachelor,Marketing,Operations,Logistics Coordinator,Non-Travel,No,1,0,1,2,2923,15,0,3,4,4,4,3,3,1,3,No
EMP-0821,37,Female,Married,Bachelor,Human Resources,Marketing,Marketing Manager,Travel_Rarely,Yes,5,3,1,1,4546,13,2,3,4,4,4,2,3,3,5,No
EMP-0822,45,Male,Single,Master,Human Resources,Engineering,Senior Engineer,Non-Travel,No,5,5,0,2,6502,14,0,3,3,3,1,4,2,4,4,No
EMP-0823,37,Male,Married,PhD,Medical,Customer Support,Customer Success Manager,Travel_Frequently,Yes,11,1,2,3,7016,12,0,4,3,3,3,3,1,2,7,No
EMP-0824,26,Male,Married,Master,Other,Engineering,Tech Lead,Travel_Rarely,No,1,0,1,1,8353,14,0,2,3,2,2,1,3,3,1,Yes
EMP-0825,32,Female,Single,Bachelor,Medical,Customer Support,Support Executive,Travel_Frequently,Yes,4,4,2,1,2506,22,0,3,4,1,3,4,3,1,2,Yes
EMP-0826,48,Male,Divorced,Bachelor,Human Resources,Engineering,Data Analyst,Travel_Frequently,Yes,7,0,0,3,5275,14,1,4,3,1,3,3,3,5,25,Yes
EMP-0827,42,Female,Married,PhD,Technical Degree,Sales,Sales Representative,Non-Travel,No,13,4,0,4,5704,16,1,3,1,3,4,2,3,2,6,No
EMP-0828,32,Female,Single,Master,Other,Sales,Sales Executive,Non-Travel,Yes,6,1,2,3,4237,14,0,3,3,2,2,2,3,3,1,Yes
EMP-0829,49,Male,Married,Master,Marketing,Customer Support,Support Executive,Travel_Rarely,No,18,0,11,1,5266,17,0,4,2,3,2,1,3,4,1,No
EMP-0830,43,Male,Single,Bachelor,Medical,Sales,Sales Manager,Travel_Rarely,No,15,2,4,2,6265,13,3,3,4,4,4,4,4,4,3,No
EMP-0831,36,Male,Single,Master,Technical Degree,Finance,Auditor,Non-Travel,Yes,6,0,1,1,5796,24,0,3,4,1,3,3,3,5,20,No
EMP-0832,27,Female,Married,Bachelor,Life Sciences,Operations,Operations Analyst,Travel_Rarely,No,9,3,0,2,4276,11,2,3,4,1,2,4,4,2,12,No
EMP-0833,45,Male,Single,Bachelor,Human Resources,Sales,Sales Representative,Non-Travel,No,1,0,1,2,3077,12,0,4,1,3,4,2,4,3,5,Yes
EMP-0834,46,Female,Married,Bachelor,Medical,Engineering,Software Engineer,Travel_Frequently,No,10,5,4,1,6066,15,2,2,1,1,3,1,4,1,1,No
EMP-0835,29,Female,Married,Bachelor,Life Sciences,Finance,Finance Analyst,Travel_Frequently,No,4,4,0,2,4780,12,3,2,3,4,1,2,3,2,7,No
EMP-0836,30,Male,Married,Bachelor,Medical,Marketing,Marketing Manager,Travel_Rarely,No,3,3,1,1,4975,15,1,3,4,1,2,3,3,4,5,No
EMP-0837,25,Male,Divorced,High School,Marketing,Engineering,Software Engineer,Travel_Rarely,No,7,4,2,6,4631,22,1,2,3,2,2,3,2,3,4,No
EMP-0838,42,Male,Married,Master,Human Resources,Engineering,Software Engineer,Non-Travel,No,12,0,2,3,7674,22,0,3,1,2,3,4,3,3,14,No
EMP-0839,34,Male,Divorced,High School,Life Sciences,Finance,Finance Manager,Travel_Frequently,Yes,13,1,13,2,6644,20,1,3,4,4,4,2,3,5,5,No
EMP-0840,32,Male,Married,Bachelor,Medical,Operations,Operations Analyst,Non-Travel,Yes,0,0,0,2,2711,21,1,3,1,3,3,2,3,3,29,Yes
EMP-0841,45,Female,Married,Master,Medical,Sales,Sales Executive,Travel_Rarely,No,3,1,1,3,4271,25,0,3,3,4,1,4,4,2,1,No
EMP-0842,42,Female,Married,High School,Technical Degree,Marketing,Marketing Manager,Travel_Rarely,No,23,0,2,3,6673,15,2,3,2,2,4,3,3,3,11,No
EMP-0843,45,Female,Single,Master,Marketing,HR,HR Executive,Travel_Rarely,No,2,2,2,2,3258,16,0,4,2,4,2,3,3,3,2,No
EMP-0844,41,Male,Divorced,PhD,Medical,Customer Support,Support Lead,Travel_Frequently,Yes,0,0,0,2,4871,12,1,3,3,4,2,3,4,4,17,Yes
EMP-0845,55,Male,Single,Master,Medical,Engineering,Software Engineer,Non-Travel,No,26,2,9,1,11339,12,0,3,2,3,4,1,3,1,7,No
EMP-0846,24,Female,Single,Bachelor,Technical Degree,Marketing,Marketing Manager,Travel_Frequently,No,6,6,1,1,5469,23,1,3,3,3,1,4,3,0,8,No
EMP-0847,36,Female,Single,Bachelor,Life Sciences,Engineering,Senior Engineer,Travel_Rarely,No,9,4,2,3,5851,11,1,3,2,2,4,2,3,3,11,Yes
EMP-0848,24,Male,Married,High School,Marketing,Engineering,Tech Lead,Travel_Frequently,No,1,0,1,2,5331,11,0,3,3,2,3,2,3,2,2,No
EMP-0849,43,Male,Married,Bachelor,Human Resources,Sales,Sales Representative,Non-Travel,No,6,6,1,1,3399,18,0,3,3,1,4,3,4,2,29,No
EMP-0850,30,Male,Married,Master,Medical,Operations,Logistics Coordinator,Travel_Rarely,No,5,1,0,4,4179,11,0,4,1,3,2,2,3,0,22,No
EMP-0851,26,Male,Single,Bachelor,Human Resources,HR,HR Manager,Travel_Frequently,Yes,5,5,0,4,3976,24,0,3,3,3,4,2,3,2,13,Yes
EMP-0852,29,Male,Married,Bachelor,Other,HR,HR Manager,Travel_Rarely,No,11,0,2,2,4431,15,1,4,3,4,4,2,4,1,10,No
EMP-0853,24,Male,Divorced,Bachelor,Other,Customer Support,Support Executive,Travel_Rarely,No,6,4,2,2,2818,21,0,3,2,3,3,2,2,2,11,No
EMP-0854,34,Female,Divorced,Bachelor,Medical,HR,HR Executive,Travel_Rarely,No,0,0,0,1,2857,20,2,3,4,3,3,3,4,3,3,No
EMP-0855,33,Male,Married,Bachelor,Medical,Finance,Auditor,Travel_Rarely,No,15,2,1,3,5931,20,3,4,2,3,2,1,3,2,3,No
EMP-0856,31,Male,Single,Master,Medical,Sales,Sales Executive,Non-Travel,No,7,1,3,1,4203,16,0,3,3,4,3,3,4,3,4,No
EMP-0857,35,Female,Married,Bachelor,Medical,Customer Support,Support Executive,Travel_Frequently,No,7,0,0,1,2952,13,2,3,2,3,3,3,3,5,1,No
EMP-0858,42,Female,Divorced,Master,Technical Degree,Operations,Operations Manager,Non-Travel,Yes,1,1,0,3,4718,16,1,3,3,3,3,4,2,3,3,No
EMP-0859,42,Male,Single,Bachelor,Other,Engineering,Data Analyst,Travel_Frequently,Yes,1,0,1,2,4329,19,3,3,3,3,3,2,3,3,8,Yes
EMP-0860,40,Female,Single,Bachelor,Medical,Engineering,Senior Engineer,Travel_Rarely,No,5,0,2,2,5451,11,2,3,3,1,1,4,3,2,10,No
EMP-0861,41,Male,Married,High School,Technical Degree,Engineering,Data Analyst,Non-Travel,No,1,1,1,1,3907,20,0,4,3,4,4,1,2,3,3,No
EMP-0862,48,Male,Divorced,Bachelor,Medical,Finance,Accountant,Travel_Rarely,No,7,0,3,4,4983,24,0,4,3,3,1,3,3,2,4,No
EMP-0863,33,Female,Married,Bachelor,Medical,Engineering,Software Engineer,Travel_Rarely,No,15,2,6,1,7572,18,0,3,2,1,4,3,3,3,1,Yes
EMP-0864,42,Female,Single,High School,Marketing,Sales,Sales Representative,Travel_Frequently,No,11,0,4,3,3158,16,3,3,4,2,3,2,2,5,1,Yes
EMP-0865,42,Male,Married,Bachelor,Life Sciences,Customer Support,Support Lead,Non-Travel,No,9,2,2,1,4103,23,3,4,3,1,2,3,3,3,29,No
EMP-0866,59,Male,Single,Bachelor,Technical Degree,Engineering,Tech Lead,Travel_Rarely,No,14,1,3,2,8349,18,3,3,1,4,4,3,2,2,6,No
EMP-0867,42,Male,Married,Bachelor,Marketing,Engineering,Software Engineer,Travel_Rarely,No,6,3,0,4,5067,23,1,4,4,4,3,3,4,1,2,No
EMP-0868,41,Male,Single,Bachelor,Other,Operations,Logistics Coordinator,Travel_Rarely,No,1,1,1,2,2731,17,2,3,3,4,3,3,3,2,8,No
EMP-0869,22,Female,Divorced,Bachelor,Other,HR,HR Executive,Travel_Rarely,No,4,4,4,1,3134,17,3,3,3,4,3,3,3,3,2,No
EMP-0870,29,Male,Divorced,PhD,Medical,HR,HR Executive,Travel_Rarely,No,4,0,4,3,4586,14,0,4,1,4,3,2,3,2,8,No
EMP-0871,34,Female,Married,Master,Life Sciences,Sales,Sales Manager,Travel_Rarely,No,10,1,10,4,5962,25,0,2,2,3,4,3,3,2,5,No
EMP-0872,49,Female,Married,Master,Human Resources,Customer Support,Customer Success Manager,Non-Travel,No,24,4,6,1,7594,15,0,3,2,3,1,2,4,1,9,No
EMP-0873,38,Female,Married,Bachelor,Other,Marketing,Content Specialist,Travel_Rarely,No,1,1,1,1,3100,20,0,3,2,4,3,3,3,3,15,No
EMP-0874,47,Female,Married,Master,Life Sciences,HR,Payroll Specialist,Travel_Rarely,No,0,0,0,5,3026,11,1,3,4,3,3,2,3,3,5,No
EMP-0875,50,Male,Married,Master,Technical Degree,Operations,Logistics Coordinator,Travel_Rarely,No,6,1,0,2,4508,15,1,3,3,4,3,3,2,4,1,No
EMP-0876,31,Male,Married,Master,Life Sciences,Marketing,Content Specialist,Non-Travel,No,7,5,1,4,5228,16,1,3,1,2,1,4,3,6,1,No
EMP-0877,43,Female,Single,Bachelor,Human Resources,Finance,Finance Analyst,Travel_Rarely,No,6,1,6,5,4438,20,0,3,2,3,3,3,2,4,1,No
EMP-0878,45,Male,Married,Master,Marketing,Customer Support,Customer Success Manager,Travel_Frequently,Yes,1,1,1,3,3758,21,3,4,3,4,3,2,3,2,1,Yes
EMP-0879,40,Female,Married,Bachelor,Marketing,Marketing,Content Specialist,Travel_Frequently,Yes,10,0,3,1,4042,23,3,4,2,3,3,3,3,1,1,Yes
EMP-0880,50,Male,Married,PhD,Technical Degree,Marketing,Marketing Manager,Travel_Frequently,No,2,0,2,1,6122,13,1,3,1,3,3,3,4,2,7,No
EMP-0881,33,Female,Divorced,High School,Life Sciences,Marketing,Content Specialist,Travel_Rarely,Yes,7,1,1,2,3258,16,0,3,4,3,2,3,2,2,10,No
EMP-0882,36,Male,Married,Bachelor,Medical,Sales,Sales Manager,Travel_Frequently,No,5,5,0,2,4538,25,0,3,4,3,2,3,4,1,5,No
EMP-0883,25,Female,Single,Bachelor,Life Sciences,Marketing,Content Specialist,Travel_Rarely,No,7,1,7,4,4044,12,1,3,4,2,3,3,2,4,6,No
EMP-0884,50,Male,Married,Master,Marketing,Sales,Sales Representative,Travel_Frequently,No,2,0,0,2,4062,17,2,3,4,4,3,4,4,3,10,No
EMP-0885,39,Male,Married,Master,Human Resources,Engineering,Senior Engineer,Travel_Rarely,No,7,7,0,5,7219,20,0,3,3,3,4,3,3,4,2,No
EMP-0886,31,Female,Divorced,Master,Technical Degree,Customer Support,Support Executive,Non-Travel,No,1,1,0,2,3418,12,0,1,1,2,3,3,3,4,29,Yes
EMP-0887,25,Female,Single,Master,Life Sciences,Operations,Operations Analyst,Travel_Rarely,No,2,1,1,2,4097,18,1,3,3,3,4,3,3,2,1,No
EMP-0888,38,Male,Divorced,PhD,Other,Finance,Auditor,Non-Travel,No,6,6,1,3,6585,18,1,3,3,4,3,2,1,2,2,No
EMP-0889,47,Female,Married,High School,Medical,Engineering,Senior Engineer,Non-Travel,No,4,1,0,2,4387,11,0,4,3,2,1,2,2,4,13,No
EMP-0890,35,Female,Single,Bachelor,Technical Degree,Engineering,Software Engineer,Non-Travel,No,7,3,7,1,5825,22,2,3,1,2,3,3,2,3,13,No
EMP-0891,22,Male,Married,Bachelor,Medical,Engineering,Tech Lead,Travel_Frequently,No,1,1,1,5,6100,19,1,3,3,3,4,3,3,4,14,Yes
EMP-0892,41,Female,Married,PhD,Other,HR,HR Manager,Non-Travel,No,3,1,0,2,5393,24,0,3,4,4,4,3,4,5,4,No
EMP-0893,32,Female,Married,Master,Life Sciences,Finance,Finance Manager,Travel_Rarely,No,6,4,6,4,7721,21,0,3,3,2,3,2,2,3,22,No
EMP-0894,38,Male,Married,PhD,Marketing,Operations,Operations Analyst,Travel_Rarely,No,16,1,1,2,6577,14,0,3,4,2,4,2,4,3,17,No
EMP-0895,38,Female,Married,Bachelor,Technical Degree,Operations,Logistics Coordinator,Travel_Frequently,No,1,1,0,3,2994,22,3,1,3,3,2,3,3,3,5,No
EMP-0896,32,Female,Divorced,Bachelor,Human Resources,Sales,Sales Representative,Travel_Frequently,No,14,4,2,2,4283,21,0,3,1,3,4,2,3,4,21,Yes
EMP-0897,39,Male,Married,Master,Human Resources,Sales,Sales Executive,Travel_Rarely,No,5,1,2,4,4159,21,0,3,4,3,3,3,3,4,4,No
EMP-0898,52,Female,Single,PhD,Life Sciences,HR,HR Executive,Non-Travel,No,8,0,4,4,4710,23,0,4,3,4,4,3,2,1,27,No
EMP-0899,47,Male,Single,Bachelor,Human Resources,Marketing,Marketing Analyst,Travel_Frequently,No,0,0,0,4,2902,11,2,3,3,1,2,2,4,3,4,Yes
EMP-0900,37,Male,Single,Master,Technical Degree,Finance,Auditor,Travel_Frequently,Yes,2,2,2,4,4899,17,1,2,2,2,2,2,3,4,2,Yes
EMP-0901,22,Female,Single,Master,Life Sciences,Sales,Sales Representative,Travel_Rarely,Yes,4,0,4,1,3989,22,3,3,2,4,3,3,3,5,2,Yes
EMP-0902,52,Male,Married,Master,Technical Degree,Finance,Finance Manager,Non-Travel,Yes,6,1,2,2,8239,13,0,3,3,3,3,3,2,4,5,Yes
EMP-0903,32,Female,Divorced,Bachelor,Marketing,Finance,Auditor,Travel_Rarely,No,4,2,3,2,4681,25,0,3,3,3,1,4,3,4,26,No
EMP-0904,36,Female,Married,High School,Medical,Operations,Logistics Coordinator,Travel_Rarely,No,1,1,0,1,2474,13,3,3,3,4,4,2,3,1,1,No
EMP-0905,39,Male,Married,PhD,Medical,HR,Payroll Specialist,Non-Travel,Yes,1,0,1,2,3987,18,1,3,2,2,3,1,2,3,3,Yes
EMP-0906,53,Male,Married,Master,Life Sciences,Sales,Sales Representative,Travel_Frequently,Yes,0,0,0,2,3158,23,2,3,2,2,3,4,3,2,6,Yes
EMP-0907,40,Female,Single,Master,Life Sciences,Finance,Finance Manager,Non-Travel,No,6,1,3,3,7293,15,0,4,3,3,4,3,3,4,6,No
EMP-0908,37,Male,Divorced,Bachelor,Medical,Marketing,Marketing Manager,Non-Travel,No,9,2,0,4,6097,22,0,3,4,3,1,1,2,1,16,No
EMP-0909,54,Female,Married,Master,Life Sciences,Operations,Logistics Coordinator,Non-Travel,No,15,2,1,2,6224,12,1,3,3,1,1,2,3,2,11,No
EMP-0910,39,Female,Married,Bachelor,Medical,Sales,Sales Manager,Travel_Rarely,Yes,3,0,1,1,4275,25,1,2,3,3,4,4,3,5,2,No
EMP-0911,22,Female,Married,High School,Human Resources,Engineering,Software Engineer,Travel_Rarely,No,4,1,0,1,4525,16,3,3,3,3,3,3,3,3,4,No
EMP-0912,29,Male,Divorced,Master,Technical Degree,Operations,Logistics Coordinator,Travel_Frequently,No,3,0,2,1,3738,11,0,3,2,3,1,2,2,4,1,Yes
EMP-0913,39,Male,Single,Bachelor,Human Resources,Engineering,Software Engineer,Non-Travel,Yes,1,0,0,3,4408,14,2,3,3,3,4,1,3,2,6,Yes
EMP-0914,29,Female,Married,Master,Other,Operations,Logistics Coordinator,Travel_Rarely,No,0,0,0,4,3551,19,1,3,3,3,2,2,3,1,1,No
EMP-0915,29,Female,Married,Bachelor,Technical Degree,HR,Payroll Specialist,Travel_Rarely,Yes,5,1,5,2,3290,16,0,3,3,4,3,3,3,3,3,No
EMP-0916,28,Male,Single,Master,Medical,Engineering,Software Engineer,Non-Travel,No,1,1,1,4,5367,25,0,3,3,4,3,3,3,5,9,Yes
EMP-0917,40,Male,Single,Bachelor,Other,Marketing,Marketing Manager,Non-Travel,Yes,4,1,0,1,4803,20,1,3,4,4,2,3,4,3,12,No
EMP-0918,30,Male,Married,Master,Human Resources,Engineering,Software Engineer,Travel_Rarely,No,2,1,2,4,5616,19,1,4,3,2,2,4,4,4,2,No
EMP-0919,46,Male,Divorced,Master,Life Sciences,Customer Support,Customer Success Manager,Travel_Frequently,No,2,2,2,3,3861,24,1,3,2,4,3,4,3,3,29,No
EMP-0920,34,Female,Married,Bachelor,Life Sciences,HR,Payroll Specialist,Non-Travel,Yes,0,0,0,2,2543,19,0,3,3,1,4,4,3,1,2,Yes
EMP-0921,28,Male,Single,Bachelor,Human Resources,Sales,Sales Executive,Non-Travel,No,8,2,8,1,3698,18,1,3,3,3,4,3,4,5,7,No
EMP-0922,22,Female,Married,Bachelor,Life Sciences,Finance,Finance Manager,Travel_Rarely,No,4,0,3,3,5996,19,0,2,4,3,2,2,4,3,24,No
EMP-0923,30,Male,Married,Master,Other,Sales,Sales Manager,Travel_Rarely,No,0,0,0,1,4722,21,3,2,3,3,3,4,3,3,5,No
EMP-0924,54,Male,Married,Bachelor,Medical,Engineering,Tech Lead,Non-Travel,Yes,0,0,0,5,5279,18,1,4,3,4,4,3,3,1,10,No
EMP-0925,51,Male,Single,Bachelor,Human Resources,Engineering,Data Analyst,Travel_Rarely,No,7,1,7,2,6249,23,0,3,2,4,3,3,2,0,1,No
EMP-0926,22,Male,Single,Master,Other,Customer Support,Support Executive,Travel_Rarely,No,0,0,0,2,2720,17,0,3,2,4,2,3,3,3,3,Yes
EMP-0927,42,Male,Married,Bachelor,Technical Degree,Engineering,Tech Lead,Travel_Frequently,Yes,9,3,1,1,8483,15,0,3,4,2,3,2,2,1,29,Yes
EMP-0928,45,Female,Married,Bachelor,Life Sciences,Engineering,Software Engineer,Travel_Rarely,No,4,0,0,2,5682,11,1,4,1,3,3,3,3,3,4,No
EMP-0929,37,Male,Single,Master,Life Sciences,Sales,Sales Manager,Travel_Rarely,No,9,2,3,7,5672,14,0,4,1,2,3,2,3,2,5,Yes
EMP-0930,37,Female,Married,Master,Other,Finance,Finance Manager,Travel_Rarely,No,5,5,2,2,7580,20,0,3,3,4,1,3,3,2,15,No
EMP-0931,39,Male,Divorced,Master,Technical Degree,Marketing,Content Specialist,Non-Travel,No,6,0,0,3,5126,19,2,4,1,2,3,3,3,2,8,No
EMP-0932,26,Male,Married,Bachelor,Other,Engineering,Data Analyst,Non-Travel,No,7,0,7,2,5633,23,0,3,3,3,1,1,3,3,17,No
EMP-0933,35,Male,Married,Bachelor,Technical Degree,Engineering,Software Engineer,Non-Travel,No,13,4,10,2,7283,23,3,4,3,3,3,3,3,2,1,No
EMP-0934,40,Female,Married,Bachelor,Life Sciences,Operations,Operations Manager,Travel_Rarely,No,5,1,1,4,4541,16,2,3,2,4,4,1,2,4,5,No
EMP-0935,37,Male,Single,Bachelor,Other,Operations,Logistics Coordinator,Non-Travel,No,7,2,5,1,3427,12,0,3,3,4,1,4,3,4,8,No
EMP-0936,34,Male,Married,Master,Other,Marketing,Marketing Manager,Travel_Rarely,Yes,2,0,2,4,5902,24,2,3,1,1,1,2,4,1,9,No
EMP-0937,44,Female,Single,High School,Human Resources,Engineering,Data Analyst,Travel_Rarely,No,0,0,0,4,3702,25,0,3,3,4,2,4,3,3,5,No
EMP-0938,55,Male,Married,PhD,Technical Degree,Sales,Sales Manager,Travel_Frequently,No,2,2,0,4,5956,24,0,3,2,2,2,2,3,4,5,Yes
EMP-0939,23,Male,Married,Master,Life Sciences,Marketing,Content Specialist,Travel_Rarely,No,2,2,2,2,3960,14,0,3,4,4,2,2,3,3,1,No
EMP-0940,47,Male,Single,Master,Technical Degree,Operations,Operations Manager,Travel_Rarely,No,2,0,0,1,5251,25,3,3,3,4,4,1,2,2,2,No
EMP-0941,36,Female,Married,Master,Life Sciences,HR,Payroll Specialist,Travel_Frequently,No,2,2,1,1,3858,23,1,3,3,3,3,2,2,2,4,No
EMP-0942,46,Male,Single,High School,Human Resources,Operations,Operations Manager,Travel_Frequently,No,2,2,1,3,3700,22,0,3,2,1,3,3,1,3,11,No
EMP-0943,32,Male,Married,Master,Marketing,HR,HR Manager,Travel_Frequently,Yes,2,2,1,1,4469,18,0,4,4,4,4,3,3,2,7,No
EMP-0944,33,Female,Divorced,Bachelor,Marketing,Operations,Operations Manager,Travel_Frequently,Yes,15,2,6,1,5808,14,1,3,4,2,3,3,2,3,7,No
EMP-0945,30,Female,Married,PhD,Other,Sales,Sales Representative,Non-Travel,No,1,1,1,3,4014,19,0,3,3,3,3,4,3,4,6,No
EMP-0946,30,Female,Single,Master,Human Resources,HR,HR Manager,Travel_Frequently,No,0,0,0,3,4428,11,0,3,2,3,3,3,2,2,13,Yes
EMP-0947,44,Female,Divorced,Bachelor,Medical,Finance,Auditor,Travel_Frequently,No,1,1,1,3,3872,20,1,3,2,2,3,2,4,6,29,Yes
EMP-0948,45,Male,Divorced,Bachelor,Human Resources,Operations,Logistics Coordinator,Travel_Rarely,No,1,1,1,1,3008,11,1,3,2,1,2,2,3,0,10,Yes
EMP-0949,46,Female,Married,Bachelor,Other,Engineering,Software Engineer,Travel_Frequently,No,2,0,2,3,5070,12,0,3,3,2,3,4,3,2,1,No
EMP-0950,37,Female,Divorced,Master,Other,Operations,Operations Manager,Travel_Rarely,No,2,0,2,3,5130,17,3,4,2,4,4,3,2,2,5,No
EMP-0951,34,Male,Married,Bachelor,Life Sciences,Marketing,Marketing Analyst,Travel_Rarely,No,6,6,6,6,3901,15,3,1,4,2,3,3,3,4,8,No
EMP-0952,22,Male,Divorced,High School,Life Sciences,Engineering,Data Analyst,Travel_Rarely,No,4,4,1,3,4483,17,0,4,3,3,4,4,4,0,9,No
EMP-0953,35,Male,Married,Master,Life Sciences,Operations,Logistics Coordinator,Non-Travel,No,6,1,0,4,4411,20,0,3,3,3,3,2,3,3,4,No
EMP-0954,22,Male,Married,Bachelor,Human Resources,Operations,Logistics Coordinator,Travel_Rarely,Yes,4,2,2,1,3141,17,0,3,3,3,4,1,1,4,1,No
EMP-0955,38,Male,Single,Master,Medical,Finance,Auditor,Non-Travel,No,7,1,7,6,5801,16,0,3,4,3,4,3,3,4,3,No
EMP-0956,42,Male,Married,Bachelor,Life Sciences,Operations,Logistics Coordinator,Travel_Rarely,No,2,2,0,1,2990,16,0,4,1,3,3,2,3,3,2,Yes
EMP-0957,43,Male,Married,Master,Human Resources,HR,HR Manager,Non-Travel,Yes,5,0,2,1,5248,25,2,3,3,3,3,1,2,4,10,No
EMP-0958,31,Male,Single,Master,Other,Engineering,Senior Engineer,Travel_Rarely,No,8,3,0,3,8069,23,1,3,4,2,4,2,4,2,14,Yes
EMP-0959,43,Female,Divorced,Bachelor,Other,Marketing,Marketing Analyst,Travel_Rarely,No,20,1,3,2,5761,19,0,3,2,2,4,3,3,2,10,No
EMP-0960,53,Male,Divorced,Bachelor,Other,Operations,Operations Analyst,Travel_Frequently,Yes,10,2,9,1,3980,24,2,3,3,2,2,3,3,5,1,Yes
EMP-0961,40,Female,Married,PhD,Other,HR,HR Executive,Travel_Frequently,Yes,16,5,0,1,6222,12,0,3,4,3,4,4,2,4,2,Yes
EMP-0962,22,Male,Single,PhD,Technical Degree,Operations,Logistics Coordinator,Travel_Rarely,Yes,4,4,2,4,5295,21,3,2,1,3,3,1,4,2,5,Yes
EMP-0963,30,Male,Single,Bachelor,Marketing,HR,Recruiter,Travel_Rarely,No,0,0,0,4,2596,15,1,3,3,3,2,4,3,3,22,Yes
EMP-0964,49,Female,Divorced,Master,Human Resources,Operations,Operations Analyst,Travel_Frequently,Yes,4,1,0,1,4317,13,2,3,3,2,4,3,1,2,2,No
EMP-0965,46,Male,Divorced,Master,Medical,Engineering,Senior Engineer,Travel_Rarely,No,2,0,0,2,6083,17,0,3,3,4,2,4,2,3,10,No
EMP-0966,30,Male,Divorced,Master,Medical,Sales,Sales Manager,Travel_Frequently,No,7,4,0,2,5578,22,1,4,3,3,4,3,3,5,3,No
EMP-0967,55,Male,Married,Bachelor,Life Sciences,Engineering,Senior Engineer,Travel_Rarely,Yes,3,3,1,2,4616,13,2,2,3,3,3,3,3,2,4,No
EMP-0968,39,Female,Married,Bachelor,Life Sciences,HR,Recruiter,Travel_Rarely,No,20,3,0,5,4691,25,0,3,3,4,1,2,2,4,7,No
EMP-0969,58,Female,Married,Master,Technical Degree,Sales,Sales Manager,Non-Travel,No,20,6,8,2,7805,21,0,3,1,3,3,2,4,5,6,Yes
EMP-0970,49,Female,Married,Bachelor,Marketing,Sales,Sales Executive,Travel_Frequently,No,13,2,5,1,4453,16,2,4,1,4,4,3,2,2,1,No
EMP-0971,25,Female,Married,Master,Other,Operations,Operations Manager,Travel_Rarely,No,3,3,1,1,5599,12,1,3,3,1,4,2,3,2,4,Yes
EMP-0972,29,Female,Married,PhD,Other,Engineering,Tech Lead,Non-Travel,Yes,7,3,0,3,11818,19,0,3,4,3,4,3,1,3,12,No
EMP-0973,31,Male,Divorced,Bachelor,Other,Customer Support,Support Executive,Non-Travel,Yes,11,3,5,3,3547,13,1,3,3,1,2,3,4,3,29,No
EMP-0974,27,Female,Married,Bachelor,Life Sciences,Marketing,Marketing Manager,Non-Travel,Yes,2,1,2,3,4940,23,0,4,3,3,3,3,3,5,12,No
EMP-0975,40,Male,Divorced,Master,Medical,Marketing,Marketing Manager,Travel_Rarely,No,13,0,1,2,8359,25,2,2,4,2,2,4,3,3,16,No
EMP-0976,45,Male,Married,Master,Medical,Engineering,Data Analyst,Non-Travel,Yes,1,1,1,3,5598,15,1,3,1,3,4,3,2,2,6,Yes
EMP-0977,49,Female,Single,Master,Medical,Finance,Finance Manager,Non-Travel,No,10,2,6,1,9291,11,0,2,1,4,3,3,4,4,1,No
EMP-0978,38,Female,Single,Bachelor,Medical,Customer Support,Customer Success Manager,Travel_Frequently,Yes,1,1,1,2,3115,25,3,3,3,4,3,1,4,2,7,Yes
EMP-0979,42,Male,Married,PhD,Technical Degree,Operations,Logistics Coordinator,Travel_Rarely,Yes,14,7,1,4,6857,17,2,3,3,4,3,3,3,4,4,No
EMP-0980,22,Male,Single,Bachelor,Human Resources,Sales,Sales Representative,Non-Travel,No,0,0,0,1,2904,14,2,4,3,2,4,2,4,4,3,Yes
EMP-0981,22,Female,Married,High School,Human Resources,Sales,Sales Representative,Non-Travel,No,1,1,1,2,2305,17,2,4,4,3,4,3,3,3,10,No
EMP-0982,41,Male,Married,Master,Other,Sales,Sales Manager,Travel_Rarely,No,9,0,2,1,6309,25,0,3,3,3,1,3,1,1,2,No
EMP-0983,52,Male,Divorced,PhD,Human Resources,HR,HR Manager,Travel_Rarely,No,18,2,3,4,8315,18,0,4,4,2,4,3,2,1,15,No
EMP-0984,60,Male,Married,Bachelor,Marketing,Sales,Sales Executive,Travel_Rarely,No,12,0,4,2,4330,14,0,3,3,2,3,2,3,2,2,No
EMP-0985,31,Male,Married,PhD,Marketing,HR,HR Executive,Travel_Rarely,No,4,0,4,2,4328,21,0,3,3,4,2,3,4,2,8,No
EMP-0986,24,Male,Married,Master,Medical,Sales,Sales Manager,Non-Travel,No,1,0,1,3,4582,16,0,3,4,4,3,3,4,3,10,No
EMP-0987,49,Female,Married,Bachelor,Technical Degree,Sales,Sales Representative,Travel_Rarely,No,21,7,9,3,5547,17,2,2,3,2,1,1,2,3,2,No
EMP-0988,36,Male,Divorced,Master,Life Sciences,Marketing,Marketing Manager,Non-Travel,No,17,5,15,2,8058,12,0,3,1,4,3,4,3,4,3,No
EMP-0989,48,Female,Married,Bachelor,Life Sciences,Finance,Finance Manager,Travel_Rarely,No,16,2,0,1,7880,16,1,3,4,4,4,3,3,4,6,No
EMP-0990,41,Female,Married,Bachelor,Life Sciences,Sales,Sales Representative,Non-Travel,No,0,0,0,3,3055,13,0,3,3,3,3,4,3,3,2,No
EMP-0991,52,Female,Single,Bachelor,Medical,Sales,Sales Representative,Non-Travel,Yes,5,5,1,1,3433,23,0,4,1,2,2,2,3,1,3,Yes
EMP-0992,38,Female,Divorced,Bachelor,Human Resources,Marketing,Marketing Manager,Travel_Rarely,No,1,1,1,1,4497,13,0,3,3,4,4,3,3,5,8,No
EMP-0993,35,Female,Single,Master,Technical Degree,Operations,Operations Analyst,Non-Travel,No,8,2,2,4,4747,16,0,3,2,4,4,4,4,2,19,No
EMP-0994,24,Female,Married,PhD,Life Sciences,Engineering,Tech Lead,Non-Travel,Yes,0,0,0,1,9217,18,1,4,4,3,3,3,3,2,4,No
EMP-0995,34,Male,Married,Master,Technical Degree,Finance,Accountant,Travel_Frequently,No,4,3,4,1,5612,16,1,3,4,4,3,4,3,2,1,No
EMP-0996,47,Female,Divorced,High School,Medical,Engineering,Data Analyst,Non-Travel,Yes,2,1,2,1,3838,25,1,3,1,3,1,3,4,3,1,No
EMP-0997,42,Male,Married,Bachelor,Marketing,Sales,Sales Manager,Travel_Rarely,No,0,0,0,3,3643,21,3,3,4,2,3,4,2,2,10,No
EMP-0998,36,Male,Married,Master,Marketing,Engineering,Tech Lead,Travel_Rarely,Yes,6,5,0,3,9286,11,1,4,4,4,3,3,3,4,19,No
EMP-0999,48,Male,Single,PhD,Life Sciences,Operations,Operations Analyst,Travel_Rarely,No,3,0,0,1,4596,17,3,3,3,3,2,4,2,4,3,No
EMP-1000,36,Male,Married,PhD,Marketing,Engineering,Senior Engineer,Non-Travel,No,8,4,0,1,8695,13,3,3,3,2,3,4,3,1,1,No
EMP-1001,32,Male,Divorced,Bachelor,Marketing,Customer Support,Customer Success Manager,Travel_Frequently,Yes,3,1,3,1,3661,12,3,3,3,3,3,3,3,3,4,No
EMP-1002,41,Female,Divorced,Master,Technical Degree,Sales,Sales Representative,Non-Travel,No,2,1,2,2,3416,13,0,3,3,3,1,1,2,4,13,No
EMP-1003,47,Male,Single,High School,Marketing,Engineering,Senior Engineer,Travel_Rarely,No,11,2,0,4,6039,11,0,3,2,3,4,3,3,2,17,No
EMP-1004,43,Male,Single,Bachelor,Other,Engineering,Senior Engineer,Travel_Rarely,No,8,8,5,2,5808,23,1,3,3,2,2,3,3,4,12,No
EMP-1005,22,Female,Single,Master,Technical Degree,Sales,Sales Executive,Travel_Rarely,No,4,4,0,1,4218,14,0,3,2,2,4,3,4,4,1,Yes
EMP-1006,27,Male,Married,PhD,Technical Degree,Engineering,Software Engineer,Travel_Frequently,No,7,1,0,1,8248,23,0,3,3,3,3,4,3,4,1,Yes
EMP-1007,39,Male,Married,High School,Other,Sales,Sales Executive,Travel_Frequently,No,2,0,1,4,2461,22,1,4,3,3,4,3,4,3,1,No
EMP-1008,22,Female,Single,Master,Technical Degree,Marketing,Content Specialist,Travel_Rarely,Yes,2,0,2,3,4594,21,0,3,4,4,4,4,2,2,7,Yes
EMP-1009,29,Female,Divorced,Bachelor,Other,Finance,Accountant,Travel_Rarely,No,0,0,0,1,3586,23,1,3,3,4,2,4,3,2,11,No
EMP-1010,29,Male,Married,Bachelor,Other,Sales,Sales Representative,Travel_Rarely,No,10,1,4,1,3840,14,1,2,3,3,3,3,3,1,7,No
EMP-1011,22,Female,Single,Master,Marketing,Operations,Operations Manager,Travel_Frequently,Yes,4,0,1,3,5245,21,1,3,2,3,3,2,3,3,4,Yes
EMP-1012,37,Female,Single,High School,Marketing,Engineering,Tech Lead,Non-Travel,Yes,12,10,2,3,6963,21,0,3,1,1,4,2,2,4,12,Yes
EMP-1013,49,Male,Married,Bachelor,Medical,Finance,Finance Analyst,Travel_Rarely,No,10,0,5,2,4790,20,0,4,1,4,4,1,2,6,5,No
EMP-1014,38,Female,Single,High School,Marketing,HR,HR Manager,Non-Travel,Yes,3,2,0,2,3205,25,1,3,4,3,3,3,3,1,6,No
EMP-1015,30,Male,Single,Master,Medical,Engineering,Data Analyst,Travel_Rarely,No,1,1,1,3,6395,16,2,1,4,3,4,3,3,3,15,No
EMP-1016,29,Male,Married,PhD,Other,Customer Support,Customer Success Manager,Non-Travel,Yes,1,0,0,2,4971,13,0,3,3,2,4,3,3,3,12,Yes
EMP-1017,51,Male,Married,High School,Marketing,Sales,Sales Executive,Travel_Rarely,No,0,0,0,1,2157,19,0,3,3,4,3,3,1,3,17,No
EMP-1018,45,Male,Married,Bachelor,Technical Degree,Finance,Auditor,Travel_Frequently,No,8,0,4,2,5450,11,0,2,4,3,3,3,1,4,3,No
EMP-1019,36,Male,Divorced,Master,Technical Degree,Marketing,Marketing Manager,Travel_Rarely,No,10,0,1,2,7389,14,0,4,3,2,3,3,2,3,23,No
EMP-1020,28,Male,Married,Bachelor,Medical,Finance,Finance Analyst,Travel_Rarely,No,1,1,1,5,4162,23,2,3,2,1,3,2,3,4,3,Yes
EMP-1021,34,Male,Divorced,Bachelor,Marketing,Engineering,Tech Lead,Travel_Rarely,No,11,1,3,4,8753,12,1,4,2,2,3,3,4,2,25,No
EMP-1022,25,Female,Single,PhD,Marketing,Engineering,Senior Engineer,Travel_Rarely,Yes,5,4,0,2,7442,13,0,4,4,2,3,3,3,3,6,Yes
EMP-1023,60,Female,Married,Bachelor,Human Resources,Engineering,Data Analyst,Travel_Rarely,No,18,3,2,3,8012,19,0,3,4,2,2,2,1,4,7,No
EMP-1024,41,Female,Divorced,Bachelor,Marketing,Sales,Sales Manager,Travel_Rarely,Yes,10,4,3,2,5430,14,0,3,4,3,3,3,4,1,2,No
EMP-1025,44,Male,Married,High School,Other,Engineering,Tech Lead,Travel_Rarely,No,4,1,1,3,5761,23,2,3,3,3,2,2,3,3,14,No
EMP-1026,51,Male,Married,Bachelor,Other,Finance,Finance Manager,Travel_Frequently,No,4,2,4,3,6298,15,0,3,4,4,3,4,3,2,1,No
EMP-1027,44,Male,Married,PhD,Human Resources,Engineering,Software Engineer,Travel_Frequently,No,11,5,11,2,9220,17,0,3,4,2,3,2,4,2,16,No
EMP-1028,28,Male,Married,Master,Other,Finance,Finance Analyst,Travel_Rarely,No,3,2,2,2,5398,20,1,4,3,4,4,1,4,6,17,No
EMP-1029,29,Male,Single,Master,Life Sciences,Finance,Accountant,Travel_Frequently,Yes,5,1,0,5,5617,23,0,3,3,4,1,2,4,2,1,Yes
EMP-1030,36,Female,Married,Bachelor,Human Resources,Operations,Operations Manager,Non-Travel,No,16,0,1,2,6305,25,1,3,4,4,4,3,3,1,1,No
EMP-1031,35,Male,Single,Master,Life Sciences,Sales,Sales Executive,Travel_Frequently,Yes,8,2,2,3,4780,17,3,3,2,3,1,3,3,3,19,Yes
EMP-1032,32,Female,Married,Master,Marketing,Operations,Operations Analyst,Travel_Rarely,No,11,0,1,1,5545,19,2,2,2,3,1,4,3,2,11,No
EMP-1033,32,Male,Single,Master,Medical,Sales,Sales Executive,Travel_Rarely,No,8,3,7,1,4179,13,0,4,4,4,4,4,1,3,4,No
EMP-1034,39,Male,Married,Master,Other,Engineering,Tech Lead,Travel_Frequently,No,1,1,1,2,7100,23,0,3,3,4,4,3,3,3,1,No
EMP-1035,42,Female,Married,High School,Marketing,Operations,Operations Analyst,Non-Travel,No,0,0,0,2,2233,15,0,3,4,3,2,3,4,2,5,No
EMP-1036,34,Male,Married,Master,Marketing,Operations,Operations Manager,Travel_Frequently,No,2,2,2,2,5033,12,0,3,2,2,2,3,4,4,29,No
EMP-1037,31,Female,Married,High School,Other,Sales,Sales Manager,Travel_Rarely,No,4,3,4,2,3238,23,0,4,3,3,4,4,3,1,9,No
EMP-1038,34,Male,Divorced,Bachelor,Human Resources,Finance,Finance Manager,Travel_Rarely,No,2,0,1,2,5348,18,0,3,3,4,4,3,3,1,10,No
EMP-1039,24,Male,Single,High School,Marketing,Engineering,Data Analyst,Non-Travel,Yes,1,1,1,3,4034,22,0,3,3,2,4,3,4,5,5,Yes
EMP-1040,31,Male,Married,Bachelor,Life Sciences,Sales,Sales Manager,Travel_Frequently,No,5,2,3,1,4586,21,2,3,4,1,3,4,1,2,1,No
EMP-1041,25,Male,Single,Master,Technical Degree,Sales,Sales Manager,Travel_Rarely,Yes,4,4,4,3,5710,17,1,3,3,2,4,3,3,2,18,Yes
EMP-1042,34,Male,Divorced,High School,Life Sciences,Sales,Sales Manager,Travel_Rarely,Yes,5,1,1,1,3947,12,3,4,2,3,3,4,2,2,5,No
EMP-1043,34,Male,Married,Master,Marketing,Marketing,Marketing Analyst,Travel_Rarely,No,11,0,7,3,5614,20,3,3,3,4,2,3,4,4,3,No
EMP-1044,22,Female,Married,Master,Life Sciences,Engineering,Tech Lead,Travel_Rarely,Yes,1,1,1,1,7823,23,1,3,1,3,4,1,3,3,12,Yes
EMP-1045,41,Male,Married,Bachelor,Medical,Operations,Operations Analyst,Travel_Rarely,No,9,7,1,1,3555,25,0,3,4,3,3,4,3,3,2,No
EMP-1046,39,Male,Single,Bachelor,Human Resources,Marketing,Marketing Analyst,Travel_Rarely,No,0,0,0,1,3461,18,1,3,4,1,4,2,4,5,1,No
EMP-1047,30,Male,Married,Master,Technical Degree,Operations,Logistics Coordinator,Non-Travel,No,12,6,4,1,5885,20,1,3,4,2,3,2,3,2,18,No
EMP-1048,41,Male,Single,High School,Other,Sales,Sales Executive,Non-Travel,No,15,3,1,3,4129,23,2,3,4,2,4,4,4,3,1,No
EMP-1049,39,Male,Married,Master,Human Resources,Operations,Operations Manager,Travel_Frequently,Yes,10,2,1,1,6936,24,0,3,1,2,3,2,3,1,29,Yes
EMP-1050,23,Female,Divorced,High School,Marketing,Marketing,Marketing Analyst,Travel_Rarely,No,5,1,5,3,3443,14,1,3,3,4,1,3,3,2,6,No
EMP-1051,26,Male,Married,Bachelor,Technical Degree,Marketing,Marketing Manager,Travel_Rarely,No,0,0,0,2,4369,17,0,3,3,1,3,3,2,3,6,Yes
EMP-1052,29,Female,Married,Bachelor,Technical Degree,Operations,Operations Analyst,Travel_Frequently,Yes,11,8,6,3,3927,24,2,4,3,4,3,3,4,5,5,No
EMP-1053,49,Male,Divorced,Bachelor,Marketing,Sales,Sales Manager,Non-Travel,No,7,2,0,4,4399,19,1,3,3,4,2,2,3,1,1,No
EMP-1054,55,Male,Married,Master,Life Sciences,Engineering,Senior Engineer,Travel_Rarely,No,3,3,3,3,5881,22,1,3,3,3,4,3,2,1,29,No
EMP-1055,38,Female,Divorced,Bachelor,Life Sciences,Sales,Sales Representative,Travel_Frequently,Yes,2,2,1,2,2822,16,1,2,2,3,4,2,4,3,2,Yes
EMP-1056,37,Male,Married,Bachelor,Other,HR,HR Manager,Travel_Rarely,Yes,0,0,0,1,3111,22,1,3,3,3,3,3,4,3,8,No
EMP-1057,38,Male,Married,Bachelor,Human Resources,Operations,Operations Analyst,Travel_Rarely,No,0,0,0,1,3086,24,1,3,2,2,3,3,3,4,6,No
EMP-1058,33,Male,Married,Master,Technical Degree,Engineering,Data Analyst,Travel_Frequently,Yes,13,2,4,3,7762,21,0,3,3,3,3,3,3,2,1,No
EMP-1059,39,Male,Single,High School,Human Resources,Finance,Accountant,Travel_Rarely,No,5,2,0,5,3890,21,1,3,3,2,4,3,3,2,17,No
EMP-1060,29,Female,Single,Bachelor,Marketing,Customer Support,Support Lead,Non-Travel,No,3,3,1,1,3700,11,0,3,3,3,1,4,2,4,4,No
EMP-1061,30,Male,Single,Master,Life Sciences,Sales,Sales Manager,Travel_Rarely,Yes,12,5,3,4,6624,24,2,4,3,2,2,3,3,3,3,No
EMP-1062,30,Female,Married,Master,Marketing,Engineering,Senior Engineer,Travel_Rarely,Yes,4,1,2,1,6188,11,0,3,4,2,2,4,3,5,1,No
EMP-1063,54,Male,Married,Master,Human Resources,Marketing,Content Specialist,Non-Travel,No,9,3,2,3,5819,20,2,4,3,1,3,3,4,6,18,No
EMP-1064,27,Male,Divorced,Bachelor,Other,Engineering,Software Engineer,Travel_Rarely,No,1,0,1,1,5043,21,0,3,4,4,1,3,3,2,2,No
EMP-1065,38,Male,Married,Master,Life Sciences,Engineering,Tech Lead,Non-Travel,No,10,0,1,2,9871,22,0,3,4,3,4,2,4,2,1,No
EMP-1066,40,Female,Married,Bachelor,Technical Degree,Engineering,Data Analyst,Non-Travel,No,1,1,0,1,4801,14,0,2,1,2,4,3,3,4,29,No
EMP-1067,29,Female,Single,Bachelor,Human Resources,Engineering,Tech Lead,Travel_Rarely,Yes,5,5,5,3,7271,15,0,4,4,3,3,3,2,1,11,Yes
EMP-1068,33,Male,Single,Master,Technical Degree,Marketing,Content Specialist,Non-Travel,Yes,15,0,0,3,6095,18,0,4,4,4,2,3,2,5,6,No
EMP-1069,44,Female,Married,Master,Other,Finance,Finance Manager,Travel_Rarely,Yes,4,4,3,3,7229,25,0,3,3,3,3,3,3,3,2,No
EMP-1070,33,Male,Divorced,PhD,Human Resources,Sales,Sales Executive,Non-Travel,No,4,1,1,4,4897,13,0,2,3,3,3,3,3,2,2,No
EMP-1071,36,Male,Single,Master,Technical Degree,Marketing,Content Specialist,Travel_Rarely,No,18,0,3,2,7129,18,0,4,3,2,4,3,1,2,10,No
EMP-1072,32,Male,Single,Master,Other,HR,Payroll Specialist,Travel_Frequently,No,7,7,6,1,4135,19,0,3,2,4,3,3,4,4,4,Yes
EMP-1073,32,Male,Single,Master,Technical Degree,HR,HR Manager,Travel_Rarely,No,3,1,3,1,4713,23,2,2,3,3,4,2,3,2,8,No
EMP-1074,22,Male,Single,Master,Medical,HR,HR Executive,Travel_Frequently,No,4,1,2,4,3474,15,0,3,3,3,2,4,3,1,5,No
EMP-1075,39,Female,Single,Master,Technical Degree,Finance,Accountant,Travel_Frequently,Yes,1,1,0,5,4490,14,0,3,3,1,1,1,3,2,16,Yes
EMP-1076,29,Female,Single,Bachelor,Other,Operations,Logistics Coordinator,Travel_Rarely,No,11,5,0,4,4516,20,3,3,2,3,3,3,3,3,3,No
EMP-1077,39,Male,Divorced,Bachelor,Human Resources,Finance,Auditor,Travel_Rarely,No,4,0,4,2,4809,19,0,3,3,3,4,2,3,1,1,No
EMP-1078,53,Female,Married,Master,Other,Marketing,Marketing Manager,Travel_Frequently,No,1,0,1,3,5494,15,1,3,3,3,4,3,2,0,1,No
EMP-1079,29,Female,Married,Master,Medical,Customer Support,Support Lead,Travel_Rarely,Yes,10,0,2,2,5531,16,0,4,4,2,2,2,1,3,1,No
EMP-1080,41,Male,Married,PhD,Technical Degree,Operations,Logistics Coordinator,Non-Travel,No,8,7,2,4,5760,21,1,3,1,4,4,3,4,5,1,No
EMP-1081,34,Male,Married,Bachelor,Medical,Sales,Sales Manager,Travel_Rarely,No,0,0,0,1,3916,11,1,3,4,3,3,3,3,3,19,No
EMP-1082,48,Male,Single,Bachelor,Technical Degree,Sales,Sales Representative,Travel_Rarely,Yes,22,6,0,3,5375,15,1,3,3,1,4,3,4,6,4,No
EMP-1083,37,Male,Married,Master,Other,Sales,Sales Representative,Travel_Frequently,No,4,4,2,2,4284,14,0,4,3,1,3,4,3,4,13,No
EMP-1084,45,Male,Single,Bachelor,Technical Degree,Marketing,Content Specialist,Travel_Rarely,Yes,8,0,7,2,4625,11,0,3,3,3,2,3,4,1,18,No
EMP-1085,55,Male,Married,Master,Marketing,Operations,Operations Manager,Non-Travel,No,5,0,5,3,5283,12,0,4,4,2,3,2,3,4,2,No
EMP-1086,42,Female,Married,Master,Medical,Marketing,Marketing Analyst,Non-Travel,Yes,1,0,1,1,4235,13,0,3,3,4,3,3,3,2,8,No
EMP-1087,40,Male,Divorced,Master,Human Resources,Engineering,Data Analyst,Travel_Rarely,No,10,0,1,3,7746,25,3,3,2,3,4,4,3,2,7,No
EMP-1088,32,Male,Single,PhD,Life Sciences,Finance,Finance Analyst,Travel_Rarely,Yes,1,1,1,3,6118,22,0,3,4,4,3,2,3,1,1,Yes
EMP-1089,34,Male,Married,Master,Life Sciences,Sales,Sales Executive,Travel_Rarely,No,0,0,0,3,3469,19,2,4,3,3,4,4,3,2,3,No
EMP-1090,39,Female,Single,Master,Marketing,HR,Recruiter,Travel_Rarely,No,8,4,7,3,4441,11,3,3,3,4,2,3,3,4,5,No
EMP-1091,22,Female,Married,Master,Marketing,Customer Support,Support Executive,Travel_Rarely,Yes,3,0,2,4,3271,17,1,3,2,3,3,1,3,3,4,No
EMP-1092,34,Male,Married,Bachelor,Technical Degree,Engineering,Senior Engineer,Travel_Frequently,Yes,3,3,2,3,5255,24,3,3,3,3,2,4,3,4,5,No
EMP-1093,35,Male,Divorced,Master,Life Sciences,Sales,Sales Executive,Non-Travel,No,4,1,1,3,4343,15,0,4,2,1,1,3,3,1,1,Yes
EMP-1094,36,Female,Single,Master,Marketing,Marketing,Marketing Manager,Non-Travel,Yes,18,2,1,1,8470,25,3,4,2,3,1,3,3,2,1,Yes
EMP-1095,26,Male,Married,Master,Human Resources,Engineering,Data Analyst,Travel_Rarely,No,5,2,1,1,6125,13,0,4,3,2,2,1,3,2,1,No
EMP-1096,40,Female,Single,Bachelor,Life Sciences,Operations,Logistics Coordinator,Travel_Frequently,Yes,9,1,6,3,3765,16,1,3,3,3,3,2,3,1,1,Yes
EMP-1097,22,Female,Married,High School,Marketing,Customer Support,Support Executive,Non-Travel,No,4,3,2,5,2543,17,1,3,2,3,2,4,3,0,5,Yes
EMP-1098,42,Male,Divorced,PhD,Human Resources,Sales,Sales Executive,Non-Travel,No,3,3,3,1,4903,19,0,3,1,4,1,3,2,1,1,Yes
EMP-1099,44,Female,Single,Bachelor,Medical,HR,HR Executive,Travel_Frequently,Yes,21,0,3,2,4843,19,3,4,3,2,3,2,3,3,5,Yes
EMP-1100,44,Male,Divorced,Bachelor,Life Sciences,Operations,Operations Manager,Non-Travel,Yes,0,0,0,5,3513,13,0,3,4,4,2,3,2,2,5,No
EMP-1101,49,Male,Married,Master,Other,Engineering,Software Engineer,Travel_Rarely,No,6,4,2,2,7632,20,0,4,4,3,2,3,3,2,1,No
EMP-1102,22,Male,Married,Master,Human Resources,Customer Support,Support Lead,Travel_Rarely,Yes,4,0,1,1,4709,11,0,4,2,4,4,3,3,1,17,No
EMP-1103,43,Male,Married,Master,Medical,Sales,Sales Representative,Travel_Rarely,No,6,2,6,5,4016,24,3,3,2,3,3,3,3,3,15,No
EMP-1104,35,Male,Married,High School,Life Sciences,Sales,Sales Manager,Non-Travel,No,3,3,2,3,3739,11,0,1,3,3,3,4,4,1,14,No
EMP-1105,40,Male,Married,High School,Human Resources,Sales,Sales Manager,Travel_Rarely,No,6,1,1,4,3816,15,0,3,4,2,3,3,2,2,1,No
EMP-1106,32,Male,Single,PhD,Human Resources,HR,Recruiter,Non-Travel,No,1,1,1,2,4211,22,1,3,2,2,3,1,2,2,12,No
EMP-1107,37,Male,Married,Bachelor,Medical,Sales,Sales Executive,Non-Travel,Yes,9,0,1,4,3558,20,0,3,3,4,4,4,3,3,3,No
EMP-1108,46,Female,Married,Bachelor,Life Sciences,Marketing,Content Specialist,Non-Travel,No,2,2,2,4,3473,14,1,4,1,3,4,2,3,3,7,No
EMP-1109,29,Female,Single,Master,Human Resources,Marketing,Content Specialist,Non-Travel,No,3,1,3,3,4544,25,0,3,3,4,1,4,4,3,20,No
EMP-1110,43,Female,Single,PhD,Human Resources,Sales,Sales Representative,Non-Travel,No,4,4,0,1,5078,12,1,4,3,2,3,4,3,1,16,No
EMP-1111,39,Male,Single,Master,Marketing,Marketing,Marketing Manager,Non-Travel,No,3,3,2,3,5297,17,0,4,3,1,2,3,3,3,19,No
EMP-1112,47,Male,Married,Master,Technical Degree,Finance,Accountant,Non-Travel,Yes,4,2,0,1,5229,12,1,2,2,4,4,4,3,3,10,No
EMP-1113,31,Male,Single,Master,Life Sciences,Finance,Auditor,Travel_Frequently,Yes,1,0,1,3,4916,24,1,3,3,1,3,3,2,2,27,Yes
EMP-1114,31,Male,Single,Bachelor,Life Sciences,Engineering,Senior Engineer,Non-Travel,Yes,1,1,1,2,4959,20,2,3,4,3,3,3,3,5,2,No
EMP-1115,34,Male,Single,Master,Technical Degree,Engineering,Software Engineer,Non-Travel,No,16,0,8,5,9119,17,0,3,1,3,1,2,3,3,1,No
EMP-1116,38,Male,Married,PhD,Human Resources,Marketing,Marketing Analyst,Travel_Frequently,No,20,0,3,3,8443,17,2,3,2,3,3,3,3,3,3,No
EMP-1117,29,Female,Married,Master,Marketing,Operations,Logistics Coordinator,Non-Travel,No,0,0,0,3,3548,25,0,3,4,4,3,2,3,2,4,Yes
EMP-1118,31,Male,Divorced,Master,Other,Engineering,Tech Lead,Travel_Frequently,No,4,0,4,4,7990,13,0,4,2,3,4,2,4,3,13,Yes
EMP-1119,23,Female,Divorced,Bachelor,Technical Degree,Marketing,Marketing Manager,Travel_Rarely,No,1,0,1,2,4395,25,3,3,3,3,3,3,2,1,18,No
EMP-1120,36,Female,Married,Bachelor,Marketing,Engineering,Data Analyst,Non-Travel,No,14,1,0,4,7225,23,0,2,2,1,2,1,3,5,1,No
EMP-1121,29,Male,Married,Bachelor,Marketing,Customer Support,Support Executive,Travel_Rarely,No,8,0,2,3,3223,17,0,3,3,3,2,2,2,4,3,No
EMP-1122,47,Male,Divorced,Master,Life Sciences,Engineering,Tech Lead,Travel_Rarely,Yes,4,2,2,2,7997,19,1,3,4,4,2,3,3,2,1,No
EMP-1123,46,Male,Married,Bachelor,Marketing,Sales,Sales Representative,Travel_Rarely,No,11,0,11,4,3806,25,0,4,4,4,3,2,4,3,1,No
EMP-1124,29,Female,Single,PhD,Medical,Sales,Sales Executive,Travel_Frequently,No,8,1,6,2,5009,11,1,3,3,1,4,2,1,4,3,No
EMP-1125,22,Male,Married,Bachelor,Other,Engineering,Senior Engineer,Travel_Rarely,Yes,4,0,1,1,5681,20,3,2,2,4,2,3,3,3,29,Yes
EMP-1126,27,Female,Married,Bachelor,Technical Degree,Operations,Operations Analyst,Non-Travel,No,0,0,0,4,3093,24,2,3,1,4,4,3,1,4,11,No
EMP-1127,45,Female,Married,Master,Life Sciences,Sales,Sales Manager,Non-Travel,No,8,0,2,1,6552,12,3,3,4,3,3,4,4,3,1,No
EMP-1128,38,Female,Married,High School,Medical,Engineering,Senior Engineer,Travel_Rarely,No,8,2,0,4,4911,25,0,3,1,2,3,3,3,3,2,Yes
EMP-1129,41,Female,Single,Bachelor,Medical,Marketing,Marketing Analyst,Non-Travel,No,5,5,4,4,3554,23,0,3,3,3,3,3,3,3,17,No
EMP-1130,37,Female,Married,High School,Marketing,Finance,Finance Analyst,Travel_Rarely,No,6,6,6,1,4005,15,2,3,3,4,3,1,3,3,4,No
EMP-1131,48,Male,Married,Master,Technical Degree,Operations,Operations Analyst,Travel_Rarely,No,2,2,2,2,4266,17,1,3,3,3,3,3,3,2,3,No
EMP-1132,41,Male,Married,Master,Marketing,Finance,Finance Analyst,Travel_Frequently,No,0,0,0,1,4990,18,0,2,1,2,3,2,2,1,6,Yes
EMP-1133,31,Male,Single,Bachelor,Medical,Sales,Sales Representative,Non-Travel,No,6,2,1,3,3194,11,0,2,3,2,2,3,3,1,24,Yes
EMP-1134,35,Female,Single,Bachelor,Medical,Engineering,Software Engineer,Non-Travel,No,3,0,1,3,4822,22,0,3,3,4,3,4,3,3,15,No
EMP-1135,48,Male,Single,Bachelor,Life Sciences,Finance,Accountant,Non-Travel,Yes,1,0,0,1,3963,22,2,3,4,3,4,2,3,4,7,Yes
EMP-1136,22,Male,Single,Master,Life Sciences,HR,Recruiter,Travel_Rarely,No,4,3,3,2,4027,16,0,4,3,1,2,3,3,3,2,No
EMP-1137,38,Female,Single,Master,Technical Degree,Customer Support,Support Executive,Travel_Rarely,Yes,13,0,0,3,4646,18,0,3,2,4,4,3,3,4,3,Yes
EMP-1138,35,Male,Single,Master,Technical Degree,Sales,Sales Manager,Travel_Rarely,Yes,0,0,0,5,4285,15,3,3,3,3,2,3,2,1,13,Yes
EMP-1139,25,Male,Married,High School,Marketing,Operations,Operations Manager,Travel_Rarely,No,7,0,0,1,4202,25,2,3,1,3,3,3,3,3,9,No
EMP-1140,34,Female,Single,Bachelor,Technical Degree,HR,Recruiter,Non-Travel,No,2,1,1,1,3048,21,3,3,2,3,1,4,3,2,2,No
EMP-1141,30,Male,Married,Bachelor,Human Resources,Engineering,Senior Engineer,Travel_Rarely,No,0,0,0,4,4521,19,0,2,4,3,4,3,4,6,5,No
EMP-1142,43,Female,Married,Bachelor,Marketing,Engineering,Tech Lead,Travel_Rarely,No,3,3,0,2,6151,17,3,3,2,2,3,2,4,3,4,No
EMP-1143,47,Male,Married,High School,Technical Degree,Engineering,Tech Lead,Travel_Frequently,No,4,4,4,5,5537,18,0,3,2,3,1,3,1,4,2,Yes
EMP-1144,44,Female,Single,Bachelor,Other,Sales,Sales Manager,Non-Travel,Yes,0,0,0,6,3950,18,1,4,2,2,4,4,4,3,10,Yes
EMP-1145,40,Male,Divorced,Bachelor,Human Resources,Sales,Sales Executive,Travel_Rarely,No,5,0,3,1,3661,19,0,4,3,3,1,2,2,3,9,No
EMP-1146,22,Female,Married,Master,Human Resources,Sales,Sales Executive,Non-Travel,No,4,3,1,4,4404,12,1,4,2,3,3,1,3,0,9,No
EMP-1147,35,Female,Married,High School,Medical,Sales,Sales Executive,Travel_Rarely,No,17,3,0,4,3973,24,0,3,4,2,2,2,4,2,16,No
EMP-1148,43,Male,Married,Bachelor,Technical Degree,Sales,Sales Manager,Non-Travel,No,0,0,0,5,3948,16,1,3,4,1,3,4,3,2,13,No
EMP-1149,52,Female,Single,Bachelor,Human Resources,Finance,Finance Analyst,Travel_Rarely,Yes,18,3,1,1,6387,20,0,3,2,4,2,3,4,2,4,No
EMP-1150,42,Male,Married,Bachelor,Technical Degree,Operations,Operations Analyst,Travel_Rarely,No,1,0,0,6,3147,20,0,3,2,3,3,2,3,3,12,Yes
EMP-1151,38,Male,Married,Master,Technical Degree,Sales,Sales Representative,Travel_Frequently,No,5,0,5,1,4032,23,1,4,1,1,1,3,2,5,6,Yes
EMP-1152,22,Female,Married,PhD,Medical,Operations,Operations Manager,Non-Travel,No,3,0,0,4,6389,25,0,4,3,2,2,4,3,2,4,No
EMP-1153,38,Female,Divorced,Master,Marketing,Sales,Sales Manager,Non-Travel,No,4,3,4,1,5100,19,2,3,4,2,4,3,1,4,5,No
EMP-1154,44,Female,Single,Master,Medical,Engineering,Senior Engineer,Non-Travel,No,2,2,2,5,6359,19,1,3,2,3,1,3,3,4,1,No
EMP-1155,38,Female,Single,High School,Human Resources,Operations,Operations Manager,Travel_Rarely,No,2,2,2,1,3414,18,0,3,4,3,3,4,2,2,7,No
EMP-1156,50,Male,Married,High School,Life Sciences,Engineering,Tech Lead,Travel_Rarely,No,14,7,3,3,7557,16,0,3,3,4,3,4,2,1,9,No
EMP-1157,33,Female,Divorced,Bachelor,Technical Degree,HR,HR Manager,Non-Travel,No,4,4,4,2,3970,24,0,3,3,4,3,2,4,4,1,No
EMP-1158,47,Male,Married,Master,Other,Marketing,Marketing Analyst,Travel_Rarely,Yes,2,2,2,5,4467,16,0,4,2,2,3,1,3,4,5,Yes
EMP-1159,45,Male,Single,Master,Marketing,Marketing,Marketing Analyst,Travel_Frequently,No,13,0,3,3,6618,22,2,3,4,3,2,3,4,2,1,No
EMP-1160,33,Male,Married,Master,Other,Sales,Sales Representative,Travel_Rarely,No,7,3,1,3,4510,17,1,4,3,4,4,3,3,3,1,No
EMP-1161,36,Female,Married,Master,Human Resources,Sales,Sales Executive,Travel_Rarely,No,0,0,0,7,3656,15,2,3,3,1,3,3,3,5,21,Yes
EMP-1162,23,Female,Married,Bachelor,Other,HR,Recruiter,Travel_Frequently,No,5,2,4,2,2984,12,1,3,4,2,4,1,3,2,9,Yes
EMP-1163,27,Female,Married,Master,Marketing,Engineering,Senior Engineer,Non-Travel,No,1,1,0,2,5836,22,3,3,2,2,3,3,3,2,25,Yes
EMP-1164,40,Male,Married,Master,Medical,Marketing,Marketing Manager,Non-Travel,Yes,1,1,1,5,5282,13,0,1,4,2,2,4,2,3,1,Yes
EMP-1165,45,Male,Single,Master,Technical Degree,Marketing,Marketing Manager,Travel_Rarely,Yes,0,0,0,3,4748,18,0,4,4,4,1,3,3,2,4,Yes
EMP-1166,48,Male,Married,Master,Life Sciences,Marketing,Content Specialist,Non-Travel,No,10,7,2,3,5532,23,1,3,2,2,4,2,4,2,14,No
EMP-1167,29,Male,Married,Bachelor,Life Sciences,Sales,Sales Representative,Non-Travel,Yes,6,0,2,3,3285,21,1,3,3,4,3,3,2,2,18,No
EMP-1168,39,Male,Married,Bachelor,Marketing,Sales,Sales Manager,Travel_Rarely,No,1,1,0,3,4052,20,2,3,2,2,4,4,3,1,7,Yes
EMP-1169,41,Male,Single,PhD,Other,Marketing,Marketing Manager,Travel_Rarely,No,16,1,12,1,9648,18,0,3,4,2,2,3,4,3,20,No
EMP-1170,39,Male,Single,Bachelor,Marketing,Sales,Sales Representative,Travel_Frequently,No,2,0,1,5,3285,12,2,4,4,3,4,2,3,0,2,No
EMP-1171,28,Male,Single,Bachelor,Medical,Finance,Finance Manager,Non-Travel,No,1,1,1,4,5616,18,0,3,1,3,2,3,3,4,1,Yes
EMP-1172,38,Male,Married,Master,Human Resources,Finance,Finance Analyst,Non-Travel,No,14,0,11,3,7140,14,1,3,3,1,3,2,3,4,7,No
EMP-1173,36,Male,Divorced,Master,Other,Sales,Sales Manager,Travel_Rarely,No,0,0,0,2,4200,19,0,3,3,2,3,3,1,4,1,No
EMP-1174,34,Male,Married,Bachelor,Other,Engineering,Data Analyst,Travel_Rarely,No,0,0,0,1,4147,19,1,3,4,3,3,3,3,2,6,No
EMP-1175,42,Male,Single,Bachelor,Technical Degree,Operations,Operations Manager,Travel_Frequently,No,20,4,3,4,6422,18,2,3,4,4,4,3,3,3,1,No
EMP-1176,36,Male,Single,Bachelor,Other,Finance,Finance Analyst,Travel_Frequently,Yes,18,1,2,2,6972,14,0,3,3,3,3,4,3,2,1,No
EMP-1177,39,Male,Divorced,Bachelor,Marketing,Sales,Sales Executive,Travel_Rarely,Yes,1,1,1,2,2852,24,1,1,3,3,2,4,3,4,1,Yes
EMP-1178,42,Male,Married,Master,Human Resources,Marketing,Marketing Manager,Travel_Rarely,No,3,3,1,3,6246,23,0,3,3,3,3,2,3,3,4,No
EMP-1179,48,Male,Married,Master,Medical,Sales,Sales Manager,Travel_Rarely,No,1,0,1,5,4489,11,1,3,3,3,4,3,4,2,11,No
EMP-1180,40,Female,Divorced,High School,Other,Sales,Sales Executive,Travel_Rarely,No,3,3,1,4,2888,22,0,2,4,3,3,3,3,4,5,No
EMP-1181,34,Female,Divorced,High School,Medical,Customer Support,Customer Success Manager,Travel_Rarely,Yes,1,0,1,4,2506,19,0,4,4,1,4,4,4,3,15,Yes
EMP-1182,51,Female,Married,Bachelor,Life Sciences,Operations,Operations Analyst,Travel_Frequently,Yes,32,1,0,2,6992,21,1,3,4,3,2,3,2,2,2,No
EMP-1183,43,Female,Married,Bachelor,Marketing,Engineering,Software Engineer,Travel_Frequently,No,2,2,0,5,4938,13,1,1,2,4,3,3,1,2,6,No
EMP-1184,46,Male,Single,PhD,Human Resources,Engineering,Software Engineer,Travel_Frequently,Yes,3,0,2,1,6721,21,2,4,3,2,4,4,3,4,4,Yes
EMP-1185,41,Male,Married,Bachelor,Life Sciences,Marketing,Marketing Analyst,Travel_Rarely,No,3,3,3,4,3487,11,0,3,3,3,3,3,3,5,1,No
EMP-1186,35,Female,Married,Master,Other,Operations,Logistics Coordinator,Travel_Rarely,Yes,7,0,2,3,4934,17,0,3,1,3,4,4,3,2,6,Yes
EMP-1187,43,Male,Married,Master,Life Sciences,Finance,Finance Analyst,Travel_Rarely,No,15,4,1,2,7576,22,0,3,3,2,4,2,3,3,16,No
EMP-1188,36,Female,Married,Bachelor,Other,Engineering,Tech Lead,Non-Travel,Yes,15,1,0,3,9171,13,1,3,3,3,2,3,4,4,29,No
EMP-1189,35,Male,Married,Master,Medical,Sales,Sales Executive,Travel_Rarely,No,2,2,2,1,3876,23,0,4,4,3,3,4,3,2,3,No
EMP-1190,28,Female,Divorced,Master,Technical Degree,Finance,Accountant,Non-Travel,Yes,7,0,0,3,5734,19,1,3,4,4,2,2,4,2,29,No
EMP-1191,52,Male,Married,Bachelor,Medical,Sales,Sales Executive,Non-Travel,No,1,1,1,3,2945,22,0,4,4,1,3,3,3,1,7,Yes
EMP-1192,31,Male,Married,Bachelor,Medical,Operations,Logistics Coordinator,Travel_Rarely,No,1,1,1,4,2965,24,2,2,3,3,3,4,3,6,13,No
EMP-1193,55,Male,Married,Bachelor,Other,Operations,Logistics Coordinator,Travel_Frequently,Yes,0,0,0,4,2925,16,2,3,4,3,2,2,2,3,16,Yes
EMP-1194,54,Male,Married,High School,Marketing,Finance,Auditor,Travel_Rarely,No,15,0,1,1,5269,16,0,4,4,4,2,1,3,3,17,No
EMP-1195,49,Male,Divorced,Bachelor,Technical Degree,Finance,Finance Analyst,Travel_Rarely,No,6,1,0,3,4444,19,1,3,3,3,3,4,3,4,1,No
EMP-1196,30,Male,Married,Master,Other,Marketing,Marketing Analyst,Travel_Frequently,No,5,4,0,4,5185,14,0,3,3,3,3,3,1,1,1,No
EMP-1197,46,Female,Married,Master,Life Sciences,Operations,Operations Manager,Travel_Rarely,No,16,2,3,2,8207,15,1,4,3,2,2,1,1,1,5,No
EMP-1198,34,Male,Divorced,Master,Other,Engineering,Data Analyst,Travel_Frequently,No,4,1,2,4,6932,11,1,3,2,1,3,4,2,2,10,No
EMP-1199,47,Male,Married,Master,Human Resources,Engineering,Data Analyst,Travel_Rarely,No,13,5,0,3,8433,21,0,3,3,3,3,2,1,3,14,No
EMP-1200,55,Male,Married,PhD,Technical Degree,Engineering,Senior Engineer,Travel_Frequently,Yes,2,0,2,1,6731,19,3,4,3,3,2,4,4,4,5,No
EMP-1201,34,Male,Single,Bachelor,Life Sciences,Finance,Accountant,Travel_Rarely,Yes,10,0,4,3,5054,13,2,4,3,3,2,3,3,6,20,No
EMP-1202,32,Female,Married,High School,Medical,Finance,Accountant,Travel_Rarely,Yes,8,3,4,1,4506,12,0,3,3,4,3,3,3,4,10,No
EMP-1203,45,Male,Single,PhD,Marketing,Sales,Sales Executive,Travel_Rarely,No,2,1,2,2,4134,21,1,3,2,1,3,4,3,3,9,No
EMP-1204,36,Male,Married,Bachelor,Medical,Sales,Sales Manager,Travel_Frequently,No,3,3,3,4,3696,19,2,4,2,3,4,3,1,4,4,No
EMP-1205,35,Female,Married,Master,Other,Engineering,Software Engineer,Travel_Rarely,Yes,1,1,0,2,6338,16,1,3,1,3,1,4,3,4,1,Yes
EMP-1206,40,Male,Divorced,Bachelor,Medical,Finance,Accountant,Non-Travel,No,5,0,0,1,4209,15,2,3,3,1,3,3,3,4,1,No
EMP-1207,36,Male,Married,Bachelor,Human Resources,Marketing,Content Specialist,Travel_Frequently,Yes,2,1,2,4,3534,15,2,3,3,1,1,2,4,0,8,Yes
EMP-1208,51,Female,Married,Bachelor,Other,Engineering,Software Engineer,Non-Travel,No,4,1,4,3,4802,18,3,1,2,3,4,3,3,1,3,No
EMP-1209,34,Female,Married,Master,Life Sciences,Engineering,Tech Lead,Travel_Rarely,Yes,11,1,3,1,9845,20,2,3,2,3,1,4,3,3,19,No
EMP-1210,36,Male,Married,High School,Medical,Engineering,Data Analyst,Travel_Rarely,Yes,6,6,6,4,5022,25,1,1,4,4,4,4,3,3,13,No
EMP-1211,45,Male,Married,Master,Life Sciences,Sales,Sales Executive,Travel_Rarely,No,12,3,0,1,4903,24,2,3,3,4,3,2,2,3,21,No
EMP-1212,22,Male,Married,Bachelor,Life Sciences,Sales,Sales Representative,Travel_Frequently,Yes,0,0,0,2,2611,13,0,3,1,3,1,4,4,3,2,Yes
EMP-1213,22,Male,Married,Bachelor,Marketing,Operations,Logistics Coordinator,Non-Travel,No,4,1,0,3,3411,13,0,3,4,4,3,3,2,3,13,No
EMP-1214,37,Female,Single,Master,Other,Engineering,Software Engineer,Non-Travel,No,18,0,1,3,8962,16,0,3,3,3,4,2,3,4,6,No
EMP-1215,34,Male,Single,Master,Marketing,Sales,Sales Representative,Travel_Rarely,No,1,1,1,4,3778,14,0,4,1,4,3,1,4,1,4,Yes
EMP-1216,30,Male,Single,Master,Other,Operations,Operations Manager,Travel_Rarely,Yes,1,1,0,2,4529,11,1,1,3,2,4,3,3,6,17,No
EMP-1217,60,Male,Married,Bachelor,Medical,Sales,Sales Executive,Travel_Rarely,No,5,1,0,2,3501,16,0,3,3,3,2,2,3,2,2,No
EMP-1218,34,Female,Divorced,Bachelor,Technical Degree,Engineering,Senior Engineer,Travel_Rarely,Yes,2,1,2,4,4687,21,3,3,3,4,1,2,3,3,5,No
EMP-1219,33,Male,Married,Master,Other,Sales,Sales Representative,Travel_Rarely,No,0,0,0,1,3750,13,2,3,2,4,3,3,4,2,12,No
EMP-1220,40,Male,Married,Bachelor,Technical Degree,Sales,Sales Representative,Non-Travel,No,1,1,1,5,2950,20,2,2,3,2,3,1,1,3,2,No
EMP-1221,54,Male,Married,Master,Life Sciences,Engineering,Senior Engineer,Travel_Rarely,Yes,2,0,0,1,5477,23,0,4,3,1,2,3,4,3,1,Yes
EMP-1222,28,Male,Single,Bachelor,Marketing,HR,HR Executive,Non-Travel,No,1,0,1,1,2728,23,1,3,2,3,4,3,3,1,17,No
EMP-1223,26,Male,Divorced,Bachelor,Human Resources,Engineering,Software Engineer,Non-Travel,No,5,3,5,5,5743,14,0,3,3,3,4,4,4,3,1,No
EMP-1224,46,Female,Single,Master,Technical Degree,Finance,Finance Manager,Travel_Rarely,No,28,0,2,3,12816,18,1,3,1,3,1,2,3,4,1,No
EMP-1225,24,Female,Married,Master,Life Sciences,HR,HR Manager,Non-Travel,No,6,6,0,1,4746,22,0,3,2,2,4,3,3,3,1,No
EMP-1226,23,Male,Divorced,Bachelor,Human Resources,Operations,Operations Manager,Travel_Rarely,No,5,5,0,1,4538,13,1,4,4,4,3,3,3,2,7,No
EMP-1227,43,Male,Married,Bachelor,Marketing,Customer Support,Support Executive,Non-Travel,Yes,2,2,2,3,2508,22,1,3,3,2,4,1,3,2,24,Yes
EMP-1228,30,Male,Married,High School,Human Resources,Sales,Sales Manager,Travel_Frequently,Yes,1,0,1,4,3274,16,3,3,3,3,1,4,3,1,13,Yes
EMP-1229,37,Male,Single,PhD,Life Sciences,Engineering,Software Engineer,Travel_Rarely,No,15,3,15,1,11281,13,0,3,2,3,2,3,4,4,15,No
EMP-1230,35,Female,Married,Bachelor,Other,Engineering,Senior Engineer,Travel_Frequently,No,2,2,1,4,4891,14,2,3,2,3,4,3,3,2,3,No
EMP-1231,42,Male,Married,Bachelor,Other,Engineering,Tech Lead,Travel_Rarely,No,16,0,6,3,8674,22,1,3,1,4,3,3,4,3,8,No
EMP-1232,43,Male,Married,High School,Technical Degree,Engineering,Tech Lead,Non-Travel,Yes,6,6,2,5,6332,24,2,3,2,3,4,3,4,5,17,No
EMP-1233,23,Male,Married,Bachelor,Human Resources,Marketing,Marketing Manager,Travel_Rarely,Yes,1,0,1,1,4151,15,3,4,4,3,3,3,3,3,7,No
EMP-1234,36,Male,Married,Master,Marketing,Engineering,Data Analyst,Non-Travel,No,3,3,0,1,6094,22,3,3,3,2,3,4,3,1,3,No
EMP-1235,30,Male,Married,Master,Human Resources,Engineering,Senior Engineer,Travel_Frequently,No,0,0,0,5,5074,11,0,2,4,2,3,3,3,2,23,Yes
EMP-1236,40,Male,Divorced,Bachelor,Human Resources,Engineering,Senior Engineer,Travel_Rarely,No,6,0,6,7,5131,21,0,3,2,4,3,3,3,4,29,No
EMP-1237,43,Female,Married,Bachelor,Technical Degree,HR,HR Manager,Travel_Rarely,No,0,0,0,3,3151,21,1,3,3,4,1,3,3,1,4,No
EMP-1238,33,Male,Married,Master,Human Resources,Finance,Auditor,Travel_Frequently,No,1,1,1,1,4535,16,2,3,4,3,3,3,3,4,1,No
EMP-1239,42,Female,Married,Bachelor,Medical,Customer Support,Customer Success Manager,Non-Travel,No,18,5,1,4,4882,24,1,2,4,3,3,2,2,2,10,No
EMP-1240,33,Male,Divorced,Master,Human Resources,Engineering,Tech Lead,Travel_Rarely,No,12,5,4,6,10926,11,1,3,3,1,4,2,3,0,5,No
EMP-1241,44,Female,Married,Master,Marketing,Operations,Operations Manager,Travel_Rarely,No,0,0,0,3,5105,19,1,3,3,2,4,4,3,4,5,No
EMP-1242,29,Male,Divorced,Bachelor,Human Resources,Sales,Sales Executive,Non-Travel,No,2,0,0,1,2958,11,1,4,4,4,4,3,4,3,8,No
EMP-1243,29,Male,Single,Bachelor,Medical,Engineering,Senior Engineer,Travel_Rarely,No,10,8,0,2,6901,15,1,3,3,2,4,3,3,1,1,No
EMP-1244,32,Female,Divorced,Bachelor,Technical Degree,Engineering,Software Engineer,Travel_Frequently,No,14,1,11,2,6658,20,1,4,2,2,4,3,2,2,13,No
EMP-1245,44,Male,Married,Master,Technical Degree,Customer Support,Support Lead,Travel_Rarely,No,3,3,2,5,4476,24,1,4,1,3,3,4,3,3,1,No
EMP-1246,37,Female,Married,Bachelor,Medical,HR,HR Manager,Non-Travel,Yes,12,0,0,5,5251,13,1,4,4,4,4,3,3,6,7,No
EMP-1247,22,Male,Single,Bachelor,Life Sciences,Operations,Operations Manager,Travel_Rarely,No,4,1,4,3,4680,12,2,3,2,3,3,3,4,3,7,No
EMP-1248,32,Male,Married,Bachelor,Life Sciences,Customer Support,Customer Success Manager,Travel_Rarely,Yes,1,1,1,3,3177,17,0,3,4,3,3,3,4,1,29,No
EMP-1249,33,Male,Married,Master,Other,Sales,Sales Manager,Travel_Rarely,No,2,1,2,5,4977,21,0,3,3,3,4,2,4,3,27,No
EMP-1250,40,Male,Divorced,PhD,Human Resources,Finance,Finance Analyst,Travel_Rarely,Yes,11,2,4,5,7876,17,1,3,2,4,4,4,4,3,4,No
EMP-1251,45,Male,Single,Bachelor,Medical,Customer Support,Support Executive,Travel_Rarely,No,1,1,0,3,2351,11,2,3,3,4,4,2,3,3,1,No
EMP-1252,34,Female,Married,Master,Other,Engineering,Tech Lead,Non-Travel,No,2,2,2,3,7324,18,0,3,3,3,3,2,3,3,17,No
EMP-1253,26,Male,Married,Master,Technical Degree,Sales,Sales Representative,Travel_Rarely,Yes,1,1,1,2,3989,21,0,3,3,3,3,3,3,3,14,Yes
EMP-1254,40,Male,Married,Bachelor,Medical,HR,Recruiter,Travel_Frequently,No,2,2,2,2,2589,22,1,3,3,2,3,3,3,5,11,No
EMP-1255,44,Male,Single,Master,Life Sciences,Engineering,Software Engineer,Travel_Rarely,No,26,0,2,4,11692,20,1,3,3,3,4,3,2,4,29,No
EMP-1256,31,Female,Single,High School,Human Resources,Engineering,Software Engineer,Travel_Rarely,Yes,2,2,1,4,3944,23,1,3,3,3,2,2,3,3,1,No
EMP-1257,34,Male,Married,Bachelor,Technical Degree,Engineering,Software Engineer,Travel_Rarely,No,10,2,0,4,6266,23,0,4,4,4,4,2,3,3,9,No
EMP-1258,29,Female,Married,Bachelor,Marketing,Marketing,Content Specialist,Travel_Rarely,No,0,0,0,2,2968,21,1,3,3,4,3,3,3,3,10,No
EMP-1259,22,Male,Married,Bachelor,Human Resources,Marketing,Marketing Manager,Non-Travel,Yes,0,0,0,1,4266,25,2,2,4,4,3,3,3,5,7,No
EMP-1260,43,Female,Married,Bachelor,Other,Sales,Sales Representative,Travel_Frequently,No,1,1,1,4,3132,24,0,3,3,3,3,4,3,3,1,No
EMP-1261,35,Male,Married,Bachelor,Marketing,Engineering,Tech Lead,Travel_Rarely,No,6,1,0,3,6634,11,0,1,4,2,4,3,3,2,11,No
EMP-1262,37,Male,Single,Bachelor,Other,Finance,Auditor,Non-Travel,No,8,2,2,2,5458,12,0,3,3,4,3,3,2,3,7,No
EMP-1263,32,Male,Married,Master,Life Sciences,Marketing,Content Specialist,Travel_Rarely,No,11,0,1,3,6062,16,1,3,2,4,2,3,3,6,1,No
EMP-1264,22,Male,Divorced,Master,Life Sciences,Engineering,Senior Engineer,Travel_Frequently,No,0,0,0,1,5756,16,0,4,4,3,3,3,3,3,6,Yes
EMP-1265,29,Female,Single,PhD,Human Resources,Finance,Accountant,Non-Travel,Yes,4,3,0,1,5846,23,0,1,2,2,3,2,3,1,1,No
EMP-1266,55,Female,Married,Master,Technical Degree,Engineering,Tech Lead,Non-Travel,No,4,4,2,1,8567,21,0,4,2,3,3,1,4,3,2,No
EMP-1267,39,Female,Married,Master,Life Sciences,Finance,Finance Manager,Travel_Rarely,No,0,0,0,5,5622,19,0,3,4,1,4,3,3,2,17,No
EMP-1268,37,Female,Single,Bachelor,Life Sciences,Engineering,Data Analyst,Travel_Frequently,No,18,0,0,1,7127,21,3,4,2,4,4,2,4,1,2,Yes
EMP-1269,37,Male,Married,PhD,Other,Finance,Finance Analyst,Travel_Rarely,Yes,10,4,3,4,8213,20,0,3,3,4,1,4,3,2,29,No
EMP-1270,37,Female,Single,Bachelor,Marketing,Engineering,Software Engineer,Travel_Rarely,No,3,3,0,2,4902,18,0,3,4,2,4,4,2,2,8,No
EMP-1271,27,Female,Married,Master,Human Resources,Finance,Accountant,Travel_Rarely,No,3,3,3,4,5232,11,3,3,3,3,4,2,2,3,3,No
EMP-1272,47,Male,Married,PhD,Other,Customer Support,Customer Success Manager,Travel_Rarely,No,10,4,1,1,5714,16,0,4,4,4,3,2,3,4,5,No
EMP-1273,38,Male,Single,Master,Medical,HR,HR Executive,Travel_Frequently,Yes,4,0,4,2,3681,12,1,3,3,3,3,3,3,2,25,No
EMP-1274,36,Male,Single,Bachelor,Life Sciences,HR,Payroll Specialist,Travel_Rarely,No,6,1,3,4,3365,18,0,3,2,3,3,3,3,1,8,Yes
EMP-1275,26,Male,Married,PhD,Life Sciences,Sales,Sales Representative,Travel_Rarely,No,2,2,0,1,3953,18,1,4,2,3,3,2,2,4,29,No
EMP-1276,49,Female,Married,Master,Marketing,Sales,Sales Representative,Non-Travel,No,3,3,0,3,3616,13,3,4,3,3,4,2,3,3,21,No
EMP-1277,41,Male,Married,Master,Life Sciences,Engineering,Tech Lead,Non-Travel,Yes,23,6,12,1,13164,21,3,3,3,4,4,3,3,3,6,No
EMP-1278,25,Male,Married,Master,Life Sciences,Engineering,Software Engineer,Travel_Rarely,Yes,7,0,4,2,7152,14,2,2,3,3,2,2,4,3,15,No
EMP-1279,40,Male,Single,High School,Marketing,Sales,Sales Executive,Travel_Frequently,Yes,0,0,0,2,2397,11,0,3,1,3,3,2,3,3,2,Yes
EMP-1280,32,Male,Single,Master,Medical,Engineering,Tech Lead,Non-Travel,Yes,11,4,0,3,9582,17,0,3,4,4,2,3,3,4,8,No
EMP-1281,39,Male,Married,Master,Human Resources,Engineering,Data Analyst,Travel_Rarely,Yes,3,0,3,1,6169,14,2,3,3,2,2,1,4,5,4,No
EMP-1282,34,Male,Married,Master,Other,HR,HR Manager,Non-Travel,No,2,2,2,1,4758,16,0,3,3,4,3,2,3,5,6,No
EMP-1283,34,Female,Divorced,Bachelor,Medical,Engineering,Data Analyst,Travel_Rarely,No,5,2,2,2,5347,21,0,3,3,2,4,3,3,4,28,No
EMP-1284,42,Female,Married,Bachelor,Other,Operations,Operations Manager,Non-Travel,Yes,2,2,2,5,4100,16,0,3,3,4,2,3,3,3,2,No
EMP-1285,38,Female,Single,Bachelor,Human Resources,Operations,Logistics Coordinator,Non-Travel,No,3,0,3,1,2951,14,0,3,3,3,4,4,3,3,2,No
EMP-1286,52,Male,Married,Bachelor,Other,Engineering,Tech Lead,Travel_Rarely,Yes,24,11,4,3,10551,19,1,3,2,3,3,2,3,4,1,Yes
EMP-1287,49,Female,Married,Bachelor,Life Sciences,Engineering,Senior Engineer,Travel_Rarely,No,3,3,2,1,5220,21,2,3,1,2,3,2,2,1,16,No
EMP-1288,40,Male,Divorced,Bachelor,Technical Degree,Customer Support,Support Lead,Travel_Frequently,Yes,4,2,1,2,3898,22,1,4,3,2,2,2,2,2,7,Yes
EMP-1289,22,Male,Married,Master,Medical,Operations,Operations Manager,Travel_Frequently,No,1,0,1,3,4416,13,3,3,3,3,3,4,3,1,6,No
EMP-1290,35,Male,Single,Bachelor,Human Resources,Finance,Accountant,Travel_Frequently,Yes,17,3,1,2,6788,17,3,3,2,3,4,3,3,1,3,Yes
EMP-1291,33,Male,Single,Bachelor,Human Resources,Marketing,Content Specialist,Non-Travel,No,4,1,1,4,3522,21,0,3,4,3,2,3,3,3,2,No
EMP-1292,32,Male,Divorced,Bachelor,Technical Degree,Sales,Sales Executive,Travel_Rarely,No,1,1,1,3,3017,21,0,4,4,2,4,2,4,3,3,Yes
EMP-1293,32,Male,Divorced,Bachelor,Life Sciences,Sales,Sales Manager,Travel_Frequently,Yes,2,0,2,2,4118,23,1,3,4,3,3,3,2,0,2,No
EMP-1294,25,Male,Divorced,Master,Technical Degree,Operations,Operations Analyst,Travel_Frequently,No,3,0,1,3,3763,25,2,3,1,4,4,3,3,1,1,Yes
EMP-1295,51,Male,Divorced,Bachelor,Medical,Operations,Operations Manager,Non-Travel,Yes,12,4,0,2,6118,14,1,3,3,3,3,3,4,3,9,No
EMP-1296,39,Male,Married,Master,Life Sciences,Engineering,Data Analyst,Non-Travel,No,21,0,7,2,10383,17,2,4,1,3,4,4,4,2,14,No
EMP-1297,26,Female,Single,High School,Life Sciences,Customer Support,Customer Success Manager,Travel_Frequently,No,8,1,3,1,3740,17,2,3,3,4,4,1,4,2,9,No
EMP-1298,22,Male,Married,High School,Human Resources,Engineering,Data Analyst,Non-Travel,No,3,0,3,1,3856,14,0,3,3,2,4,2,3,2,8,No
EMP-1299,32,Female,Single,High School,Marketing,Operations,Operations Analyst,Non-Travel,No,7,0,1,2,3294,15,2,3,3,3,3,2,3,2,2,No
EMP-1300,32,Male,Married,Master,Marketing,Engineering,Software Engineer,Travel_Frequently,No,0,0,0,2,5175,20,1,3,3,3,3,3,4,3,8,No
EMP-1301,46,Male,Married,Bachelor,Other,Finance,Finance Analyst,Travel_Rarely,No,13,1,0,3,5987,13,1,4,4,2,3,3,4,4,9,No
EMP-1302,49,Male,Married,Master,Technical Degree,Sales,Sales Manager,Non-Travel,No,14,2,6,3,7494,11,2,3,3,1,4,3,3,4,11,No
EMP-1303,38,Female,Married,Bachelor,Other,Customer Support,Support Lead,Travel_Rarely,Yes,0,0,0,1,3178,25,2,1,4,4,3,3,2,2,3,No
EMP-1304,31,Male,Married,Bachelor,Human Resources,HR,HR Executive,Non-Travel,No,0,0,0,1,2815,15,0,3,2,2,2,2,2,0,12,Yes
EMP-1305,32,Male,Single,Bachelor,Life Sciences,Sales,Sales Representative,Non-Travel,No,2,0,2,5,2767,16,0,3,3,2,3,3,3,5,1,No
EMP-1306,42,Male,Divorced,Master,Technical Degree,Operations,Operations Analyst,Non-Travel,No,8,1,3,2,4757,16,1,3,4,1,4,2,3,5,4,No
EMP-1307,35,Male,Single,High School,Human Resources,Finance,Auditor,Non-Travel,No,6,6,6,2,3813,22,2,2,2,4,4,2,2,2,2,No
EMP-1308,48,Male,Married,Bachelor,Technical Degree,Operations,Logistics Coordinator,Non-Travel,No,16,3,0,1,4880,14,0,2,1,1,3,3,3,0,11,No
EMP-1309,31,Female,Married,Bachelor,Human Resources,Finance,Finance Analyst,Non-Travel,Yes,1,1,1,3,3607,21,1,3,3,4,3,2,4,2,6,Yes
EMP-1310,28,Male,Married,Bachelor,Technical Degree,Operations,Logistics Coordinator,Travel_Rarely,No,8,0,5,4,4030,17,1,3,3,2,3,3,4,3,29,No
EMP-1311,27,Male,Single,Master,Technical Degree,Engineering,Senior Engineer,Non-Travel,Yes,1,0,1,2,5598,15,0,3,3,2,4,3,4,1,5,Yes
EMP-1312,22,Male,Single,Master,Life Sciences,Engineering,Software Engineer,Non-Travel,Yes,2,0,2,1,6122,15,2,3,3,3,3,3,4,2,14,No
EMP-1313,42,Female,Single,Master,Human Resources,Operations,Operations Manager,Non-Travel,No,7,3,2,3,5553,15,1,4,2,3,1,1,2,4,1,No
EMP-1314,23,Female,Married,Bachelor,Marketing,Customer Support,Support Lead,Non-Travel,No,0,0,0,2,3284,17,0,4,3,4,3,3,2,2,12,No
EMP-1315,44,Female,Single,Bachelor,Human Resources,Engineering,Senior Engineer,Non-Travel,Yes,9,1,0,3,6343,23,1,2,3,4,2,3,1,0,5,No
EMP-1316,28,Female,Single,High School,Medical,Operations,Logistics Coordinator,Non-Travel,Yes,6,3,2,3,3261,16,0,3,2,3,3,3,3,5,24,Yes
EMP-1317,36,Male,Married,PhD,Life Sciences,Engineering,Senior Engineer,Travel_Frequently,No,2,2,2,2,7465,25,0,3,4,2,2,2,1,3,5,Yes
EMP-1318,26,Female,Single,High School,Human Resources,Sales,Sales Executive,Non-Travel,No,2,0,0,2,2371,20,0,3,3,1,1,1,1,4,1,Yes
EMP-1319,44,Male,Married,Master,Marketing,Sales,Sales Manager,Non-Travel,No,0,0,0,7,4293,11,2,3,3,1,3,4,4,1,3,No
EMP-1320,45,Male,Married,Bachelor,Technical Degree,Operations,Operations Analyst,Travel_Rarely,No,6,0,1,2,3900,22,0,3,1,3,3,3,4,3,12,No
EMP-1321,44,Female,Divorced,Master,Life Sciences,Marketing,Marketing Analyst,Travel_Rarely,No,4,0,4,1,4872,17,0,3,3,3,1,2,3,4,1,No
EMP-1322,53,Female,Married,Master,Technical Degree,Sales,Sales Executive,Travel_Rarely,Yes,3,0,0,1,4042,24,0,3,1,2,1,2,3,3,16,Yes
EMP-1323,45,Male,Single,Bachelor,Medical,HR,Payroll Specialist,Travel_Rarely,No,1,1,0,4,2773,17,3,3,1,2,4,3,3,3,24,Yes
EMP-1324,34,Female,Single,Bachelor,Life Sciences,Engineering,Senior Engineer,Travel_Rarely,No,2,1,2,2,4828,21,0,3,4,3,3,4,2,2,4,No
EMP-1325,35,Male,Married,Bachelor,Technical Degree,Engineering,Data Analyst,Travel_Rarely,Yes,7,6,0,3,6317,24,3,3,3,4,3,3,2,6,5,No
EMP-1326,51,Female,Married,High School,Technical Degree,Sales,Sales Manager,Non-Travel,No,3,1,0,6,3420,18,3,3,3,4,4,4,3,4,7,No
EMP-1327,38,Male,Married,Master,Other,Engineering,Senior Engineer,Travel_Frequently,No,0,0,0,1,5603,23,0,3,3,3,3,3,2,2,8,No
EMP-1328,33,Male,Divorced,Bachelor,Life Sciences,Sales,Sales Manager,Travel_Rarely,No,2,2,1,1,3540,22,2,3,3,4,4,2,3,4,1,No
EMP-1329,41,Male,Married,Bachelor,Marketing,Marketing,Marketing Analyst,Travel_Rarely,No,1,1,0,4,3245,22,0,3,3,2,2,2,2,3,1,Yes
EMP-1330,22,Male,Divorced,Bachelor,Human Resources,Sales,Sales Executive,Travel_Rarely,No,3,0,1,3,3073,13,0,3,3,2,3,3,3,4,1,No
EMP-1331,43,Male,Married,Bachelor,Other,Marketing,Marketing Analyst,Non-Travel,No,5,1,0,4,3852,24,1,3,4,4,4,3,3,3,2,No
EMP-1332,32,Male,Married,Master,Technical Degree,Marketing,Marketing Manager,Travel_Rarely,No,3,3,2,1,6173,14,0,3,3,2,2,4,4,3,8,No
EMP-1333,23,Male,Divorced,PhD,Life Sciences,Operations,Operations Analyst,Travel_Rarely,No,2,2,2,3,4249,22,0,3,2,3,3,4,3,2,7,No
EMP-1334,35,Female,Married,Bachelor,Other,Finance,Finance Analyst,Travel_Rarely,No,7,3,7,1,5309,24,2,3,3,3,4,3,3,5,5,No
EMP-1335,50,Female,Married,Bachelor,Other,Sales,Sales Manager,Non-Travel,Yes,5,0,5,3,4004,25,2,3,3,4,4,4,3,4,3,No
EMP-1336,47,Male,Married,Bachelor,Human Resources,Operations,Operations Manager,Travel_Frequently,No,2,2,2,2,4461,15,1,3,1,4,4,3,3,4,4,Yes
EMP-1337,36,Male,Married,Bachelor,Human Resources,Sales,Sales Executive,Travel_Rarely,No,14,6,0,2,4671,18,0,3,3,2,3,2,3,2,17,No
EMP-1338,28,Male,Married,Bachelor,Marketing,Sales,Sales Manager,Travel_Rarely,No,6,2,6,5,4829,12,2,3,1,4,3,2,3,5,6,No
EMP-1339,50,Male,Single,Bachelor,Life Sciences,Finance,Finance Manager,Travel_Rarely,No,0,0,0,3,4800,16,1,4,3,3,1,3,4,2,5,No
EMP-1340,23,Male,Married,Bachelor,Life Sciences,Finance,Finance Manager,Travel_Frequently,No,5,2,5,3,6115,17,0,4,2,2,3,3,3,3,11,Yes
EMP-1341,31,Female,Married,Master,Human Resources,Engineering,Senior Engineer,Travel_Rarely,No,1,1,1,1,6149,21,1,3,3,1,4,3,3,1,2,No
EMP-1342,37,Female,Single,Bachelor,Medical,Engineering,Data Analyst,Travel_Rarely,No,2,2,0,1,4805,14,0,3,4,2,4,3,3,3,17,No
EMP-1343,23,Male,Married,Bachelor,Human Resources,Marketing,Marketing Analyst,Non-Travel,Yes,3,3,3,3,3245,18,2,3,4,3,2,4,3,3,15,No
EMP-1344,44,Male,Divorced,Master,Medical,Finance,Finance Manager,Travel_Rarely,No,1,0,1,3,6426,21,1,4,4,2,4,3,2,1,23,No
EMP-1345,31,Male,Single,Bachelor,Life Sciences,Sales,Sales Representative,Non-Travel,Yes,13,3,0,1,3973,22,1,4,2,2,3,2,3,1,11,Yes
EMP-1346,45,Male,Divorced,Master,Other,Finance,Auditor,Travel_Frequently,No,1,1,0,4,4904,17,0,3,3,3,3,3,3,3,1,No
EMP-1347,37,Male,Married,Bachelor,Marketing,Marketing,Marketing Manager,Non-Travel,No,0,0,0,4,4554,16,2,3,2,4,3,2,3,3,1,No
EMP-1348,45,Male,Married,High School,Life Sciences,Customer Support,Support Executive,Non-Travel,No,20,1,0,4,3720,18,1,1,1,3,3,2,2,1,9,No
EMP-1349,30,Male,Single,Master,Life Sciences,Operations,Operations Manager,Travel_Rarely,No,12,3,7,6,7042,23,3,3,1,1,3,3,3,3,1,No
EMP-1350,42,Male,Married,Bachelor,Human Resources,Operations,Operations Analyst,Travel_Rarely,No,0,0,0,1,2818,24,1,3,1,3,3,2,3,2,4,Yes
EMP-1351,40,Female,Single,Bachelor,Medical,Finance,Accountant,Non-Travel,No,4,3,4,5,4123,16,0,4,3,4,3,3,3,1,7,No
EMP-1352,54,Female,Single,Bachelor,Medical,Finance,Finance Manager,Non-Travel,Yes,27,2,10,3,10453,16,0,4,3,2,3,3,2,3,2,Yes
EMP-1353,44,Male,Divorced,Master,Technical Degree,Sales,Sales Manager,Travel_Rarely,No,2,0,2,3,5321,24,0,3,4,3,2,2,4,4,10,No
EMP-1354,31,Female,Single,High School,Life Sciences,Operations,Operations Analyst,Non-Travel,Yes,3,3,0,7,2578,23,1,4,3,1,3,2,1,5,5,Yes
EMP-1355,27,Male,Married,PhD,Life Sciences,HR,HR Manager,Travel_Frequently,No,0,0,0,2,4759,17,0,3,3,3,2,4,3,3,1,No
EMP-1356,43,Male,Divorced,Master,Medical,Engineering,Software Engineer,Travel_Rarely,No,0,0,0,1,5433,22,2,2,4,4,3,3,4,6,5,No
EMP-1357,31,Male,Single,Master,Life Sciences,Customer Support,Support Executive,Travel_Rarely,No,1,1,1,4,2947,20,0,3,4,2,4,3,4,3,6,Yes
EMP-1358,28,Female,Married,Bachelor,Technical Degree,Finance,Finance Analyst,Travel_Rarely,No,0,0,0,4,3917,12,1,4,3,4,2,4,3,3,1,No
EMP-1359,37,Male,Married,Master,Medical,Operations,Logistics Coordinator,Non-Travel,No,0,0,0,2,3746,17,0,4,3,1,4,3,3,3,1,No
EMP-1360,30,Male,Married,Bachelor,Other,Sales,Sales Manager,Travel_Rarely,No,6,1,4,2,4861,20,2,3,3,4,4,3,3,5,1,No
EMP-1361,30,Male,Married,Master,Marketing,Finance,Auditor,Non-Travel,No,0,0,0,4,4276,19,0,3,3,2,3,3,3,2,3,No
EMP-1362,34,Male,Divorced,High School,Life Sciences,Customer Support,Customer Success Manager,Travel_Frequently,No,1,0,0,2,2778,25,0,3,1,4,3,3,3,3,8,No
EMP-1363,28,Male,Married,High School,Human Resources,Operations,Operations Manager,Travel_Rarely,No,2,0,2,2,3483,14,1,3,3,1,3,3,1,3,5,No
EMP-1364,37,Male,Married,Master,Marketing,HR,Payroll Specialist,Travel_Frequently,No,3,3,0,3,3618,11,1,3,4,3,1,2,4,2,1,No
EMP-1365,37,Male,Married,Master,Life Sciences,Finance,Auditor,Travel_Rarely,No,13,0,10,4,7319,16,2,4,2,4,3,2,2,3,7,Yes
EMP-1366,24,Male,Married,PhD,Marketing,Customer Support,Customer Success Manager,Travel_Frequently,No,6,6,2,1,5054,15,0,3,2,4,3,2,4,4,6,No
EMP-1367,48,Female,Married,Master,Marketing,HR,HR Executive,Travel_Rarely,No,4,4,3,3,3521,14,1,4,3,4,3,3,3,3,1,No
EMP-1368,38,Male,Married,High School,Technical Degree,Engineering,Tech Lead,Travel_Frequently,No,18,0,2,3,8427,22,1,3,3,4,3,3,4,3,29,No
EMP-1369,39,Female,Single,PhD,Other,Finance,Accountant,Travel_Rarely,No,4,0,2,1,6098,18,1,3,3,2,3,2,4,4,1,Yes
EMP-1370,38,Male,Married,Master,Other,HR,Recruiter,Travel_Frequently,No,3,3,0,6,3349,23,0,3,3,3,4,3,4,3,1,Yes
EMP-1371,46,Male,Single,High School,Other,Marketing,Marketing Manager,Non-Travel,Yes,7,1,0,4,4339,22,1,3,3,1,3,2,4,4,2,No
EMP-1372,45,Female,Married,Master,Human Resources,Engineering,Data Analyst,Travel_Rarely,No,2,0,1,1,5693,25,0,3,4,1,3,1,3,2,12,Yes
EMP-1373,47,Female,Single,Bachelor,Marketing,Sales,Sales Representative,Non-Travel,No,8,2,8,1,3872,21,0,3,3,4,2,3,3,3,28,No
EMP-1374,25,Male,Divorced,Master,Other,HR,Recruiter,Non-Travel,Yes,7,0,1,2,4007,13,0,3,1,4,2,3,4,4,6,No
EMP-1375,30,Male,Married,Master,Human Resources,Operations,Logistics Coordinator,Non-Travel,Yes,12,4,0,2,5855,22,2,3,3,2,4,2,3,6,19,No
EMP-1376,52,Male,Married,Bachelor,Marketing,Finance,Accountant,Travel_Rarely,No,3,1,1,1,4297,17,0,3,3,1,4,2,3,4,1,No
EMP-1377,27,Female,Married,Master,Technical Degree,Engineering,Senior Engineer,Travel_Rarely,No,9,3,1,1,7211,18,1,4,2,3,4,2,3,3,6,No
EMP-1378,30,Male,Married,Master,Life Sciences,Engineering,Senior Engineer,Non-Travel,No,12,2,4,4,8257,18,0,3,1,4,4,3,4,3,1,No
EMP-1379,37,Female,Divorced,Master,Medical,Marketing,Content Specialist,Non-Travel,No,0,0,0,4,3957,14,2,3,3,3,1,2,3,2,9,No
EMP-1380,57,Male,Married,Bachelor,Life Sciences,HR,HR Executive,Travel_Rarely,Yes,0,0,0,2,2501,21,0,3,4,3,3,4,2,2,6,Yes
EMP-1381,34,Male,Married,Bachelor,Human Resources,HR,Recruiter,Non-Travel,No,9,5,1,3,3400,15,0,3,3,3,2,2,4,2,10,No
EMP-1382,46,Female,Married,Master,Medical,Engineering,Software Engineer,Travel_Rarely,No,5,1,3,2,7291,20,0,3,1,1,2,3,4,5,2,No
EMP-1383,40,Female,Married,Bachelor,Medical,Engineering,Software Engineer,Travel_Frequently,Yes,0,0,0,3,4393,19,0,3,3,4,3,4,2,1,3,No
EMP-1384,45,Male,Single,Bachelor,Technical Degree,Operations,Operations Manager,Non-Travel,Yes,3,1,3,3,4520,21,0,3,3,1,3,3,3,3,2,Yes
EMP-1385,37,Male,Single,Master,Medical,Engineering,Tech Lead,Travel_Rarely,No,4,2,4,3,7906,16,0,4,2,3,3,4,3,2,11,No
EMP-1386,35,Female,Married,High School,Other,HR,Payroll Specialist,Non-Travel,No,3,1,1,2,2313,21,0,3,2,3,3,3,3,1,1,No
EMP-1387,26,Male,Married,Master,Human Resources,HR,HR Executive,Travel_Rarely,Yes,8,0,0,2,3867,11,0,4,3,2,3,1,3,2,29,Yes
EMP-1388,30,Male,Single,Master,Other,Sales,Sales Executive,Travel_Rarely,No,7,1,2,2,4822,19,1,3,3,4,3,2,4,2,1,No
EMP-1389,29,Female,Single,Master,Human Resources,Customer Support,Support Lead,Travel_Rarely,No,11,6,5,6,5924,21,2,3,3,3,1,1,2,2,2,No
EMP-1390,36,Male,Married,Bachelor,Human Resources,Customer Support,Support Lead,Travel_Rarely,No,2,0,2,2,3679,12,2,3,4,3,2,3,3,1,3,No
EMP-1391,41,Male,Married,PhD,Technical Degree,Finance,Accountant,Non-Travel,No,4,1,4,4,6489,21,0,3,4,3,3,3,3,3,16,No
EMP-1392,40,Female,Married,Master,Medical,HR,Payroll Specialist,Travel_Rarely,Yes,1,1,1,2,3605,14,0,3,4,4,3,2,1,2,1,Yes
EMP-1393,32,Female,Single,Master,Life Sciences,Operations,Operations Manager,Non-Travel,No,9,3,3,3,5967,16,1,4,4,2,3,1,3,2,8,No
EMP-1394,27,Female,Married,Bachelor,Technical Degree,Sales,Sales Manager,Non-Travel,No,2,1,2,1,3610,17,2,3,1,2,3,2,3,3,10,Yes
EMP-1395,46,Male,Married,Bachelor,Human Resources,HR,Recruiter,Travel_Rarely,No,8,0,3,1,3769,21,3,1,3,3,4,1,3,2,6,No
EMP-1396,35,Female,Divorced,Master,Human Resources,Marketing,Content Specialist,Travel_Rarely,Yes,8,0,2,2,5222,19,0,4,4,3,3,2,4,2,11,Yes
EMP-1397,42,Female,Single,Master,Human Resources,Engineering,Data Analyst,Travel_Rarely,Yes,0,0,0,2,5125,22,3,3,2,2,2,2,2,3,1,Yes
EMP-1398,35,Male,Married,Bachelor,Human Resources,Operations,Operations Manager,Travel_Frequently,No,17,2,6,4,6625,24,0,3,3,4,3,3,3,2,1,No
EMP-1399,22,Female,Married,Master,Technical Degree,Sales,Sales Representative,Travel_Rarely,No,4,0,1,2,4350,21,3,3,1,4,4,3,3,3,7,No
EMP-1400,58,Male,Single,Bachelor,Life Sciences,Engineering,Senior Engineer,Travel_Rarely,No,13,5,1,1,7408,17,1,4,3,2,4,3,3,2,4,No
EMP-1401,22,Female,Married,Bachelor,Other,Sales,Sales Representative,Travel_Rarely,No,4,0,1,5,3500,18,0,2,3,4,3,2,3,4,2,No
EMP-1402,29,Female,Married,Bachelor,Medical,Sales,Sales Representative,Travel_Rarely,No,7,2,3,2,3611,23,0,2,4,1,3,3,3,1,15,No
EMP-1403,42,Female,Single,Master,Other,Sales,Sales Manager,Travel_Rarely,No,3,0,3,1,4651,22,0,3,3,4,4,2,3,3,3,No
EMP-1404,31,Female,Married,Bachelor,Marketing,Engineering,Senior Engineer,Travel_Frequently,Yes,6,2,2,2,6085,22,3,4,1,3,4,3,4,1,17,No
EMP-1405,37,Female,Married,Master,Life Sciences,Engineering,Data Analyst,Travel_Frequently,No,5,4,1,3,6254,23,1,3,1,3,3,3,3,2,2,No
EMP-1406,43,Male,Married,Bachelor,Life Sciences,Engineering,Software Engineer,Non-Travel,No,10,1,0,2,5968,21,0,3,3,3,3,4,1,3,2,No
EMP-1407,44,Male,Single,Bachelor,Other,Finance,Auditor,Travel_Frequently,No,14,1,2,2,6448,24,0,4,3,3,3,4,3,5,1,No
EMP-1408,35,Male,Divorced,Master,Medical,Sales,Sales Executive,Travel_Rarely,No,1,1,1,1,3383,20,1,3,3,2,3,1,4,2,4,No
EMP-1409,27,Female,Single,Bachelor,Other,Customer Support,Support Executive,Travel_Frequently,No,3,2,3,1,2682,20,0,4,2,2,3,4,2,3,12,Yes
EMP-1410,43,Male,Single,PhD,Life Sciences,Engineering,Tech Lead,Non-Travel,No,0,0,0,1,8453,21,1,3,1,3,3,3,4,1,3,No
EMP-1411,39,Female,Single,High School,Human Resources,Customer Support,Support Lead,Travel_Rarely,No,4,1,2,1,3317,15,0,3,3,1,2,1,3,3,29,Yes
EMP-1412,46,Male,Divorced,Master,Technical Degree,Finance,Finance Analyst,Travel_Rarely,No,1,0,0,5,5126,13,1,2,3,3,3,2,3,3,6,Yes
EMP-1413,56,Male,Married,Master,Technical Degree,HR,Payroll Specialist,Travel_Rarely,No,5,3,3,4,3698,22,1,3,3,1,3,4,3,3,1,No
EMP-1414,33,Female,Married,Bachelor,Marketing,Finance,Finance Manager,Travel_Frequently,No,5,2,5,2,5418,18,1,3,3,3,2,3,3,2,13,No
EMP-1415,42,Male,Married,PhD,Other,Engineering,Data Analyst,Travel_Rarely,No,8,1,8,4,7796,13,3,3,3,4,3,2,3,4,1,No
EMP-1416,24,Male,Married,Bachelor,Marketing,Finance,Accountant,Non-Travel,No,2,2,2,3,4466,15,3,3,4,3,4,3,3,2,17,No
EMP-1417,37,Male,Divorced,Bachelor,Human Resources,Finance,Finance Analyst,Travel_Rarely,No,10,0,3,4,5599,18,0,3,1,4,3,1,3,4,1,No
EMP-1418,48,Male,Single,Master,Technical Degree,Operations,Operations Manager,Non-Travel,No,6,0,6,1,5410,19,1,3,3,3,3,3,3,3,26,No
EMP-1419,45,Female,Married,Master,Technical Degree,Sales,Sales Representative,Non-Travel,Yes,4,1,0,4,3776,21,3,3,1,1,4,3,3,5,13,Yes
EMP-1420,44,Male,Married,Master,Life Sciences,Engineering,Tech Lead,Non-Travel,No,0,0,0,3,7260,13,0,3,1,1,3,2,3,4,12,Yes
EMP-1421,30,Female,Married,PhD,Human Resources,Customer Support,Customer Success Manager,Non-Travel,No,12,9,12,2,6481,22,0,4,3,4,3,3,3,4,3,No
EMP-1422,30,Female,Married,Bachelor,Medical,Sales,Sales Representative,Travel_Rarely,No,12,4,5,3,4451,15,3,3,3,4,4,2,4,4,2,No
EMP-1423,39,Female,Married,PhD,Technical Degree,Engineering,Tech Lead,Travel_Rarely,No,7,0,1,4,10373,14,1,3,4,1,3,3,3,2,2,No
EMP-1424,31,Male,Single,Bachelor,Marketing,Operations,Logistics Coordinator,Travel_Rarely,Yes,1,0,1,2,2994,20,0,3,4,2,3,3,3,5,1,Yes
EMP-1425,30,Male,Married,Master,Other,Finance,Accountant,Travel_Rarely,No,12,4,2,1,7393,14,1,3,4,3,3,1,3,3,1,No
EMP-1426,36,Male,Married,Master,Other,Finance,Auditor,Non-Travel,Yes,5,5,5,8,5534,22,0,2,4,2,3,3,2,4,2,No
EMP-1427,29,Male,Married,Master,Technical Degree,Operations,Operations Manager,Travel_Rarely,No,8,0,5,2,6380,24,3,4,3,4,3,3,1,3,12,No
EMP-1428,30,Female,Married,PhD,Marketing,Operations,Operations Manager,Travel_Rarely,No,12,5,12,4,8844,22,2,4,4,3,2,3,3,4,5,No
EMP-1429,33,Male,Married,Bachelor,Human Resources,Customer Support,Support Executive,Non-Travel,No,3,0,1,2,2587,12,0,1,4,3,3,3,3,2,1,No
EMP-1430,39,Male,Married,Master,Life Sciences,Sales,Sales Executive,Non-Travel,No,6,0,1,2,4058,14,0,3,4,3,3,3,3,2,2,No
EMP-1431,36,Female,Divorced,Bachelor,Marketing,Operations,Logistics Coordinator,Travel_Frequently,No,6,0,2,1,3261,25,0,3,3,4,3,4,3,0,5,No
EMP-1432,40,Male,Married,High School,Medical,Customer Support,Customer Success Manager,Travel_Rarely,No,3,0,3,6,2749,23,3,3,3,1,3,3,3,4,6,Yes
EMP-1433,30,Male,Married,Master,Technical Degree,Sales,Sales Manager,Non-Travel,No,3,0,3,2,4728,18,0,3,3,3,4,3,3,3,7,No
EMP-1434,32,Male,Married,Master,Technical Degree,Marketing,Marketing Manager,Non-Travel,No,14,0,1,1,8721,20,0,3,3,3,3,3,3,3,6,No
EMP-1435,22,Male,Single,Bachelor,Other,Engineering,Senior Engineer,Travel_Rarely,No,2,1,2,4,4821,14,0,1,2,3,2,3,3,2,13,No
EMP-1436,29,Male,Married,Bachelor,Marketing,Sales,Sales Manager,Non-Travel,No,2,2,2,1,3943,23,0,4,2,4,3,2,3,4,3,No
EMP-1437,40,Male,Single,Master,Other,Engineering,Software Engineer,Travel_Rarely,No,4,1,4,1,7071,17,0,3,2,3,1,4,3,4,9,No
EMP-1438,38,Male,Divorced,High School,Medical,HR,Recruiter,Non-Travel,No,0,0,0,5,2252,23,0,1,3,3,3,4,3,2,1,No
EMP-1439,43,Male,Married,Bachelor,Life Sciences,Customer Support,Customer Success Manager,Travel_Rarely,No,6,5,2,2,4144,24,3,3,3,4,3,3,3,6,2,No
EMP-1440,31,Female,Married,Master,Life Sciences,Engineering,Tech Lead,Travel_Rarely,No,13,0,3,6,10388,19,1,3,2,4,3,3,3,3,1,Yes
EMP-1441,31,Female,Divorced,High School,Marketing,Sales,Sales Executive,Non-Travel,Yes,5,0,0,1,3045,22,0,3,4,3,2,3,4,3,8,No
EMP-1442,33,Female,Married,Bachelor,Life Sciences,Sales,Sales Representative,Non-Travel,No,3,3,0,3,3301,16,0,3,4,2,3,2,2,4,5,Yes
EMP-1443,32,Male,Single,High School,Marketing,Sales,Sales Executive,Travel_Rarely,No,1,0,1,1,2439,20,0,3,1,1,4,3,3,3,6,Yes
EMP-1444,34,Male,Married,Master,Marketing,Marketing,Content Specialist,Travel_Frequently,Yes,16,16,5,4,6431,15,0,3,4,3,1,3,3,5,9,No
EMP-1445,25,Female,Married,Master,Life Sciences,Marketing,Content Specialist,Non-Travel,No,6,6,0,6,5004,21,1,3,3,3,1,1,3,4,13,No
EMP-1446,29,Female,Single,Bachelor,Human Resources,Finance,Finance Manager,Travel_Frequently,No,11,4,0,2,6687,23,1,3,1,4,3,3,3,4,1,No
EMP-1447,32,Male,Married,Bachelor,Human Resources,Sales,Sales Representative,Travel_Rarely,No,2,2,1,1,2893,18,2,1,3,2,4,3,4,3,1,No
EMP-1448,43,Male,Married,High School,Other,Engineering,Senior Engineer,Travel_Frequently,Yes,0,0,0,1,4101,16,0,3,3,2,4,3,4,1,4,Yes
EMP-1449,36,Male,Single,PhD,Other,Marketing,Marketing Analyst,Travel_Frequently,No,3,3,0,1,5183,13,0,4,3,4,1,3,3,5,14,No
EMP-1450,44,Male,Married,PhD,Technical Degree,Operations,Operations Manager,Travel_Rarely,No,17,1,3,5,8752,16,1,3,1,4,3,4,3,2,2,No
EMP-1451,31,Male,Married,Master,Technical Degree,Sales,Sales Manager,Non-Travel,No,3,0,3,2,4652,20,2,3,4,3,4,3,3,5,1,No
EMP-1452,44,Male,Married,Bachelor,Medical,Engineering,Software Engineer,Non-Travel,Yes,3,3,3,3,4948,20,0,2,3,2,3,4,3,3,6,No
EMP-1453,40,Male,Married,Bachelor,Medical,Marketing,Content Specialist,Travel_Rarely,No,0,0,0,1,3002,19,0,4,3,4,4,3,3,5,21,No
EMP-1454,27,Male,Divorced,Master,Life Sciences,Marketing,Marketing Manager,Non-Travel,No,0,0,0,3,5191,19,1,3,3,4,4,3,3,1,15,No
EMP-1455,38,Male,Married,Master,Human Resources,Marketing,Marketing Manager,Travel_Rarely,No,10,10,2,5,6858,22,3,3,3,4,3,3,3,2,7,No
EMP-1456,36,Male,Divorced,Bachelor,Human Resources,Sales,Sales Executive,Travel_Rarely,Yes,1,1,1,2,2691,15,3,3,2,2,3,3,3,3,3,Yes
EMP-1457,25,Male,Single,High School,Technical Degree,Operations,Logistics Coordinator,Travel_Frequently,Yes,7,7,0,2,3017,20,0,4,3,3,4,3,2,2,1,Yes
EMP-1458,39,Female,Single,Bachelor,Other,Operations,Logistics Coordinator,Travel_Rarely,No,5,5,1,6,3754,18,1,3,3,4,1,3,3,2,10,No
EMP-1459,28,Male,Married,Bachelor,Other,Sales,Sales Manager,Travel_Rarely,No,2,2,1,3,4190,20,0,3,3,2,3,3,2,2,8,No
EMP-1460,46,Male,Married,Master,Life Sciences,Engineering,Data Analyst,Non-Travel,No,1,1,1,2,6418,19,1,4,1,2,4,4,2,4,1,Yes
EMP-1461,26,Male,Married,Bachelor,Human Resources,Customer Support,Support Executive,Non-Travel,No,7,1,4,2,3168,21,3,3,3,3,1,3,3,3,2,No
EMP-1462,50,Male,Divorced,Master,Medical,Operations,Operations Analyst,Travel_Rarely,Yes,0,0,0,3,3306,22,0,4,4,3,2,3,3,3,10,No
EMP-1463,22,Female,Single,Bachelor,Human Resources,Engineering,Data Analyst,Travel_Rarely,No,4,2,2,3,4844,11,0,3,4,4,4,3,3,3,1,No
EMP-1464,44,Female,Married,High School,Human Resources,Customer Support,Support Lead,Travel_Rarely,No,7,6,2,4,3639,25,2,3,3,3,3,4,3,1,1,No
EMP-1465,33,Female,Single,Master,Other,Customer Support,Customer Success Manager,Non-Travel,Yes,4,1,1,2,4772,14,1,3,3,3,2,4,3,3,1,No
EMP-1466,38,Male,Married,Bachelor,Technical Degree,Finance,Accountant,Travel_Rarely,Yes,7,5,7,3,4628,11,1,3,3,3,4,3,4,3,1,No
EMP-1467,43,Female,Married,Bachelor,Marketing,Sales,Sales Representative,Non-Travel,Yes,2,2,2,4,2758,20,1,2,4,3,2,3,3,3,6,No
EMP-1468,33,Male,Divorced,Master,Human Resources,Engineering,Data Analyst,Travel_Rarely,No,11,0,0,3,8048,17,1,3,3,3,3,3,3,6,19,No
EMP-1469,43,Female,Married,Bachelor,Medical,Engineering,Data Analyst,Travel_Frequently,Yes,11,3,2,2,5898,14,1,3,4,3,4,3,3,1,28,No
EMP-1470,42,Male,Married,Bachelor,Marketing,Customer Support,Customer Success Manager,Travel_Rarely,No,2,2,1,1,3138,18,0,3,3,2,3,4,3,3,2,No
